Date,Open,High,Low,Close,Volume
7/16/2010 16:00:00,4251.01,4257.31,4196.4,4198.32,0
7/19/2010 16:00:00,4198.21,4250.53,4195.74,4241.34,0
7/20/2010 16:00:00,4240.8,4356.1,4218.55,4354.37,0
7/21/2010 16:00:00,4358.97,4404.8,4321.21,4348.2,0
7/22/2010 16:00:00,4357.81,4493.33,4357.49,4482.36,0
7/23/2010 16:00:00,4482.56,4502.58,4442.87,4502.25,0
7/27/2010 16:00:00,4523.21,4548.83,4479.64,4485.2,0
7/28/2010 16:00:00,4486.08,4534.11,4476.44,4504.74,0
7/29/2010 16:00:00,4513.23,4554.5,4472.05,4502.74,0
7/30/2010 16:00:00,4497.59,4541.04,4454.58,4535.38,0
8/2/2010 16:00:00,4536.08,4630.21,4536.08,4623.52,0
8/3/2010 16:00:00,4622.23,4622.5,4566.48,4591.85,0
8/4/2010 16:00:00,4595.63,4612.31,4559.15,4603.61,0
8/5/2010 16:00:00,4606.26,4610.23,4584.5,4604.49,0
8/6/2010 16:00:00,4600.49,4609.69,4550.81,4579.85,0
8/9/2010 16:00:00,4585.37,4612.64,4584.34,4599.5,0
8/10/2010 16:00:00,4588.03,4588.03,4519.71,4558.35,0
8/11/2010 16:00:00,4546.13,4546.38,4377.15,4416.46,0
8/12/2010 16:00:00,4410.63,4446.17,4370.49,4432.12,0
8/13/2010 16:00:00,4436.16,4479.87,4434.83,4455.7,0
8/16/2010 16:00:00,4461.42,4515.1,4449.93,4512.93,0
8/17/2010 16:00:00,4521.52,4574.79,4521.1,4553.4,0
8/18/2010 16:00:00,4562.77,4571.36,4535.81,4561.44,0
8/19/2010 16:00:00,4559.81,4560.33,4473.28,4494.58,0
8/20/2010 16:00:00,4486.69,4492.13,4440.27,4491.11,0
8/23/2010 16:00:00,4488.72,4515.38,4423.79,4424.04,0
8/24/2010 16:00:00,4415.36,4415.36,4328.69,4349.26,0
8/25/2010 16:00:00,4336.4,4340.9,4269.28,4329.39,0
8/26/2010 16:00:00,4336.38,4371.56,4288.08,4290.7,0
8/27/2010 16:00:00,4296.39,4418.55,4295.29,4417.63,0
8/30/2010 16:00:00,4413.49,4413.65,4329.61,4329.86,0
8/31/2010 16:00:00,4324.48,4401.17,4324.48,4400.2,0
9/1/2010 16:00:00,4405.67,4554.83,4405.67,4548.49,0
9/2/2010 16:00:00,4550.87,4573.66,4535.61,4573.31,0
9/3/2010 16:00:00,4582.62,4646.44,4581.94,4601.01,0
9/6/2010 16:00:00,4604.54,4609.24,4591.96,4605.29,0
9/7/2010 16:00:00,4599.09,4599.89,4531.92,4537.79,0
9/8/2010 16:00:00,4541.48,4590.67,4540.71,4566.43,0
9/9/2010 16:00:00,4573.17,4605.23,4555.67,4579.91,0
9/10/2010 16:00:00,4583.51,4600.08,4576.89,4592.9,0
9/13/2010 16:00:00,4597.52,4701.48,4597.39,4700.82,0
9/14/2010 16:00:00,4701.02,4741,4682.58,4701.18,0
9/15/2010 16:00:00,4699.1,4700.11,4660.69,4698.86,0
9/16/2010 16:00:00,4694.17,4702.8,4676.92,4702.41,0
9/17/2010 16:00:00,4702.15,4721.1,4667.97,4679.49,0
9/20/2010 16:00:00,4680.83,4717.2,4666.83,4712.44,0
9/21/2010 16:00:00,4716.86,4719.85,4664.38,4708.64,0
9/22/2010 16:00:00,4716.46,4760.29,4708.08,4722.53,0
9/23/2010 16:00:00,4722.26,4790.43,4696.59,4739.88,0
9/24/2010 16:00:00,4749.05,4806.78,4739.96,4759.26,0
9/27/2010 16:00:00,4764.6,4803.83,4748.9,4787.35,0
9/28/2010 16:00:00,4790.36,4847.44,4765.57,4841.73,0
9/29/2010 16:00:00,4846.2,4876.5,4837.26,4856.66,0
9/30/2010 16:00:00,4858.01,4924.48,4857.21,4923.35,0
10/1/2010 16:00:00,4928.51,4995.05,4927.7,4984.23,0
10/4/2010 16:00:00,4976.97,4985.98,4929.11,4956.37,0
10/5/2010 16:00:00,4958.88,5055.84,4958.88,5048.64,0
10/7/2010 16:00:00,5016.93,5033.25,4927.99,4957.62,0
10/8/2010 16:00:00,4956.24,5045.75,4953.94,5039.44,0
10/11/2010 16:00:00,5042.13,5072.67,5034.56,5050.27,0
10/12/2010 16:00:00,5047.19,5056.1,4986.02,5054.31,0
10/13/2010 16:00:00,5055.15,5157.34,5053.71,5144.92,0
10/14/2010 16:00:00,5153.05,5160.04,5108.21,5134.28,0
10/15/2010 16:00:00,5142.71,5154.39,5096.66,5117.46,0
10/18/2010 16:00:00,5106.15,5159.53,5081.28,5152.12,0
10/19/2010 16:00:00,5137.91,5138.67,4983.13,5006.52,0
10/20/2010 16:00:00,5010.74,5097.96,5009.35,5080.32,0
10/21/2010 16:00:00,5083.75,5110.17,4967.3,5010.11,0
10/22/2010 16:00:00,5009.08,5039.57,4989.03,5014.19,0
10/25/2010 16:00:00,5023.11,5088.8,5021.16,5060.49,0
10/26/2010 16:00:00,5049.56,5101.72,5025.33,5094.81,0
10/27/2010 16:00:00,5089.89,5093.83,4975.6,5010.86,0
10/28/2010 16:00:00,5020.83,5075.31,5020.83,5043.35,0
10/29/2010 16:00:00,5046.28,5084.52,5046.28,5081.72,0
11/1/2010 16:00:00,5075.51,5137.86,5074.02,5120.22,0
11/2/2010 16:00:00,5136.4,5193.42,5133.84,5191.51,0
11/3/2010 16:00:00,5194.6,5205.33,5131.57,5183.9,0
11/4/2010 16:00:00,5199.97,5314.02,5198.87,5313.77,0
11/5/2010 16:00:00,5313.38,5318.35,5279.35,5300.54,0
11/8/2010 16:00:00,5296.77,5304.57,5255.19,5303.38,0
11/9/2010 16:00:00,5311.65,5334.28,5184.32,5201.57,0
11/10/2010 16:00:00,5199,5230.8,5130.13,5212.52,0
11/11/2010 16:00:00,5212.21,5213.26,5149.51,5171.88,0
11/12/2010 16:00:00,5171.93,5173.38,5058.19,5085.45,0
11/15/2010 16:00:00,5086.86,5123.7,5084.43,5091.31,0
11/16/2010 16:00:00,5086.1,5087.3,4878.41,4953.95,0
11/17/2010 16:00:00,4950.54,5013.46,4948.16,4986.83,0
11/18/2010 16:00:00,5002.89,5112.52,5002.39,5098.44,0
11/19/2010 16:00:00,5097.91,5123.94,5050.71,5120.45,0
11/22/2010 16:00:00,5121.43,5123.09,5028.98,5089.34,0
11/23/2010 16:00:00,5077.94,5078.57,4935.19,4954.09,0
11/24/2010 16:00:00,4956.51,5081.1,4956.39,5079.23,0
11/25/2010 16:00:00,5082.21,5084.96,5073.55,5076.79,0
11/26/2010 16:00:00,5062.41,5062.41,4982.11,4994.2,0
11/29/2010 16:00:00,4989.42,4994.25,4898.56,4987.5,0
11/30/2010 16:00:00,4984.2,5002.22,4928.69,4951.38,0
12/1/2010 16:00:00,4967.88,5068.8,4967.88,5058.03,0
12/2/2010 16:00:00,5063.19,5125,5059.81,5118.64,0
12/3/2010 16:00:00,5121.24,5141.54,5075.05,5141.1,0
12/6/2010 16:00:00,5136.3,5148.63,5117.89,5139.8,0
12/7/2010 16:00:00,5146.68,5207.07,5100.92,5105.98,0
12/8/2010 16:00:00,5104.9,5111.22,5039.97,5065.97,0
12/9/2010 16:00:00,5067.18,5080.57,4988.57,5016.98,0
12/10/2010 16:00:00,5024.64,5042.83,4993.45,5042.2,0
12/13/2010 16:00:00,5051.98,5114.35,5050.22,5099.8,0
12/14/2010 16:00:00,5106.53,5119.38,5083.45,5106.03,0
12/15/2010 16:00:00,5104.9,5107.25,5034.02,5043.31,0
12/16/2010 16:00:00,5048.83,5063.65,5024.97,5051.29,0
12/17/2010 16:00:00,5051.84,5070.72,5018.54,5067.78,0
12/20/2010 16:00:00,5070.15,5083.33,5006.8,5047.75,0
12/21/2010 16:00:00,5054.43,5136.7,5048.37,5110.56,0
12/22/2010 16:00:00,5112.32,5136.69,5074.85,5136.37,0
12/23/2010 16:00:00,5135.73,5136.46,5110.96,5121.24,0
12/24/2010 16:00:00,5124.34,5127.08,5117.27,5120.13,0
12/27/2010 16:00:00,5119.66,5122.67,5074.91,5089.12,0
12/28/2010 16:00:00,5101.06,5102.28,5070.95,5081.89,0
12/29/2010 16:00:00,5085.06,5166.6,5084.39,5163.49,0
12/30/2010 16:00:00,5169.59,5223.32,5163.68,5218.56,0
12/31/2010 16:00:00,5220.34,5248.99,5199.91,5245.76,0
1/3/2011 16:00:00,5254.34,5320.14,5254.34,5293.84,0
1/4/2011 16:00:00,5276.09,5282.31,5202.1,5273.63,0
1/5/2011 16:00:00,5264.31,5284.94,5235.34,5277.08,0
1/6/2011 16:00:00,5279.18,5279.2,5195.21,5201.45,0
1/7/2011 16:00:00,5203.01,5218.68,5121.12,5147.19,0
1/10/2011 16:00:00,5141.49,5144.47,5093.12,5123.46,0
1/11/2011 16:00:00,5131.09,5175.33,5131.09,5171.37,0
1/12/2011 16:00:00,5180.56,5258.55,5180.32,5258.55,0
1/13/2011 16:00:00,5264.47,5277.29,5201.08,5214.21,0
1/14/2011 16:00:00,5205.7,5217.73,5184.34,5211.76,0
1/17/2011 16:00:00,5216.78,5216.88,5208.54,5214.12,0
1/18/2011 16:00:00,5220.41,5247.21,5209.97,5238.12,0
1/19/2011 16:00:00,5242.22,5246.18,5160.26,5175.87,0
1/20/2011 16:00:00,5172.38,5172.97,5067.23,5104.19,0
1/21/2011 16:00:00,5109.53,5149.25,5072.25,5078.44,0
1/24/2011 16:00:00,5078.4,5144.56,5070,5144.27,0
1/25/2011 16:00:00,5138.57,5139.01,5064.59,5089.92,0
1/26/2011 16:00:00,5096.59,5132.77,5095.46,5118.32,0
1/27/2011 16:00:00,5123.27,5132.46,5054.48,5061.7,0
1/28/2011 16:00:00,5062.36,5064.23,4904.07,4952.15,0
1/31/2011 16:00:00,4952.7,4991.6,4949.2,4989.17,0
2/1/2011 16:00:00,4995.28,5101.83,4995.23,5097.22,0
2/2/2011 16:00:00,5096.67,5115.01,5046.22,5051.21,0
2/3/2011 16:00:00,5051.23,5051.25,4993.99,5037.94,0
2/4/2011 16:00:00,5040.62,5050.05,4941.2,4985.43,0
2/7/2011 16:00:00,4984.8,4992.6,4950.3,4954.84,0
2/8/2011 16:00:00,4955.12,5009.38,4953.44,5001.15,0
2/9/2011 16:00:00,5001.03,5002.09,4874.55,4885.82,0
2/10/2011 16:00:00,4880.02,4900.03,4854.48,4881.43,0
2/11/2011 16:00:00,4878.66,4971.62,4869.54,4968.96,0
2/14/2011 16:00:00,4968.42,5012.97,4961.31,4992.83,0
2/15/2011 16:00:00,4994.11,5028.36,4985.07,5001.6,0
2/16/2011 16:00:00,5001.78,5060.28,5001.54,5055.32,0
2/17/2011 16:00:00,5053.33,5093.86,5037.13,5084.11,0
2/18/2011 16:00:00,5084.87,5117.72,5070.46,5105.74,0
2/21/2011 16:00:00,5103.82,5108.24,5084.16,5086.47,0
2/22/2011 16:00:00,5080.87,5080.87,4956.33,4959.84,0
2/23/2011 16:00:00,4964.42,4986.69,4908.49,4965.3,0
2/24/2011 16:00:00,4960.16,4997.84,4946.99,4973.67,0
2/25/2011 16:00:00,4981.33,5017.22,4959.69,5012.94,0
2/28/2011 16:00:00,5016.08,5060.28,5014.63,5050.45,0
3/1/2011 16:00:00,5048.41,5063.18,4979.9,4984.55,0
3/2/2011 16:00:00,4983.05,5040.36,4978.43,5038.35,0
3/3/2011 16:00:00,5041.27,5127.48,5041.27,5126.71,0
3/4/2011 16:00:00,5131.12,5149.59,5076.28,5111.18,0
3/7/2011 16:00:00,5110.06,5120.46,5014.33,5044.46,0
3/8/2011 16:00:00,5041.34,5059.58,4994.41,5023.53,0
3/9/2011 16:00:00,5027.96,5038.53,5000.14,5016.15,0
3/10/2011 16:00:00,5006.73,5006.73,4878.01,4890.52,0
3/11/2011 16:00:00,4883.39,4936.39,4851.9,4926.09,0
3/14/2011 16:00:00,4927.26,4961.35,4892.83,4960.09,0
3/15/2011 16:00:00,4931,4931.93,4789.49,4919.63,0
3/16/2011 16:00:00,4921.97,4924.84,4768.2,4810.41,0
3/17/2011 16:00:00,4818.1,4883.31,4805.25,4824.02,0
3/18/2011 16:00:00,4832.73,4889.89,4830.51,4872.67,0
3/21/2011 16:00:00,4881.71,4933.79,4881.51,4924.31,0
3/22/2011 16:00:00,4928.33,4998.55,4920.34,4995.91,0
3/23/2011 16:00:00,4995.42,5041.06,4977.6,5032.5,0
3/24/2011 16:00:00,5037.98,5078.94,5036.99,5066.09,0
3/25/2011 16:00:00,5066.84,5081.22,5045.94,5051.52,0
3/28/2011 16:00:00,5048.72,5059.75,5021.02,5022.67,0
3/29/2011 16:00:00,5020.69,5056.39,5007.47,5049.56,0
3/30/2011 16:00:00,5056.38,5133.84,5055.75,5132.18,0
3/31/2011 16:00:00,5137.91,5203.71,5137.33,5202.84,0
4/1/2011 16:00:00,5206.58,5294.75,5206.58,5279.06,0
4/4/2011 16:00:00,5282.65,5298.38,5264.54,5296.77,0
4/5/2011 16:00:00,5297.7,5324.92,5271.23,5311.53,0
4/6/2011 16:00:00,5317.05,5344.74,5267.57,5276.98,0
4/7/2011 16:00:00,5280.87,5317.36,5259.78,5284.53,0
4/8/2011 16:00:00,5296.06,5319.18,5261.06,5288.02,0
4/11/2011 16:00:00,5284.23,5287.09,5220.75,5240.42,0
4/12/2011 16:00:00,5237.34,5237.44,5117.06,5138.38,0
4/13/2011 16:00:00,5145.75,5177.64,5095.45,5122.88,0
4/14/2011 16:00:00,5121.8,5138.99,5096.88,5117.4,0
4/15/2011 16:00:00,5114.65,5152.19,5105.28,5145.96,0
4/18/2011 16:00:00,5137.88,5137.91,4997.3,5044.09,0
4/19/2011 16:00:00,5051.68,5134.53,5051.45,5126.69,0
4/20/2011 16:00:00,5140.76,5208.69,5140.76,5207.29,0
4/21/2011 16:00:00,5210.07,5243.34,5199.81,5233.09,0
4/25/2011 16:00:00,5234.89,5235.32,5187.87,5217.72,0
4/26/2011 16:00:00,5220.42,5262.89,5208.22,5262.4,0
4/27/2011 16:00:00,5264.09,5271.89,5179.5,5228.63,0
4/28/2011 16:00:00,5229.69,5232.16,5133.56,5167.95,0
4/29/2011 16:00:00,5173.84,5233.2,5167.86,5232.82,0
5/2/2011 16:00:00,5233.9,5241.29,5164.32,5176.41,0
5/3/2011 16:00:00,5169.56,5169.61,5052.92,5069.7,0
5/4/2011 16:00:00,5072.38,5075.05,4955.37,4958.45,0
5/5/2011 16:00:00,4952.05,4966.16,4884.35,4913.53,0
5/6/2011 16:00:00,4912.78,5015.92,4912.78,4965.85,0
5/9/2011 16:00:00,4967.18,4992.73,4921.7,4984.34,0
5/10/2011 16:00:00,4991.79,5045.02,4988.86,5037.71,0
5/11/2011 16:00:00,5033.43,5034.85,4915.01,4937.5,0
5/12/2011 16:00:00,4928.05,4941.17,4861.38,4922.19,0
5/13/2011 16:00:00,4928.49,4928.62,4806.95,4839.06,0
5/16/2011 16:00:00,4838.34,4902.51,4821.33,4831.73,0
5/17/2011 16:00:00,4824.05,4872.06,4785.85,4863.78,0
5/18/2011 16:00:00,4861.7,4920.32,4857.14,4882.26,0
5/19/2011 16:00:00,4886.01,4913.12,4840.01,4864.78,0
5/20/2011 16:00:00,4864.1,4896.23,4824.99,4867.54,0
5/23/2011 16:00:00,4851.83,4851.83,4759,4805.9,0
5/24/2011 16:00:00,4811.79,4876.23,4811.5,4872.92,0
5/25/2011 16:00:00,4871.85,4890.85,4844.32,4866.67,0
5/26/2011 16:00:00,4871.54,4945.71,4870.98,4943.65,0
5/27/2011 16:00:00,4950.1,5007.46,4948.54,4997.64,0
5/30/2011 16:00:00,4995.88,4996.4,4985.66,4992.51,0
5/31/2011 16:00:00,4998.14,5046.01,4992.82,5045.34,0
6/1/2011 16:00:00,5041.76,5041.87,4925.44,4930.03,0
6/2/2011 16:00:00,4935.76,4990.39,4912.86,4982.37,0
6/3/2011 16:00:00,4971.5,5014.11,4937.36,4970.69,0
6/6/2011 16:00:00,4968.51,4968.73,4829.66,4842.76,0
6/7/2011 16:00:00,4850.63,4908.29,4850.63,4867.2,0
6/8/2011 16:00:00,4861.51,4874.44,4827.43,4848.29,0
6/9/2011 16:00:00,4849.02,4885.28,4823.67,4871.22,0
6/10/2011 16:00:00,4866.07,4866.33,4782.31,4799.93,0
6/13/2011 16:00:00,4806.28,4830.01,4776.64,4789.46,0
6/14/2011 16:00:00,4795.78,4854.67,4795.25,4839.83,0
6/15/2011 16:00:00,4830.78,4831.86,4758.22,4783,0
6/16/2011 16:00:00,4772.61,4775.15,4681.61,4717.39,0
6/17/2011 16:00:00,4726.15,4759.92,4705.28,4737.79,0
6/20/2011 16:00:00,4735.24,4779.34,4723.56,4773.05,0
6/21/2011 16:00:00,4779.92,4830.52,4777.8,4819.61,0
6/22/2011 16:00:00,4816.92,4877.8,4814.83,4832.18,0
6/23/2011 16:00:00,4823.63,4825.87,4739.14,4800.18,0
6/24/2011 16:00:00,4801.74,4824.76,4774.12,4779.36,0
6/27/2011 16:00:00,4780.57,4820.16,4767.04,4813.86,0
6/28/2011 16:00:00,4819.18,4923.27,4818.29,4922.69,0
6/29/2011 16:00:00,4929.75,4997.48,4923.43,4992.96,0
6/30/2011 16:00:00,4996.81,5029.45,4994.63,5027.2,0
7/1/2011 16:00:00,5031.95,5097.89,5009.79,5092.62,0
7/4/2011 16:00:00,5095.22,5103.58,5094.11,5097.92,0
7/5/2011 16:00:00,5094.93,5101.67,5051.06,5069.64,0
7/6/2011 16:00:00,5064.07,5064.65,5007.81,5027.46,0
7/7/2011 16:00:00,5036.24,5081.61,5032.11,5034.1,0
7/8/2011 16:00:00,5023.39,5024.98,4937.92,4978.18,0
7/11/2011 16:00:00,4962.97,4963.15,4834.89,4844.35,0
7/12/2011 16:00:00,4840.27,4866.75,4810.72,4812.42,0
7/13/2011 16:00:00,4816.29,4912.13,4815.78,4867.24,0
7/14/2011 16:00:00,4870.04,4884.61,4804.12,4816.94,0
7/15/2011 16:00:00,4818.93,4861.2,4801.66,4832.92,0
7/18/2011 16:00:00,4827.05,4829.11,4750.52,4781.09,0
7/19/2011 16:00:00,4785.61,4840.11,4785.59,4827.3,0
7/20/2011 16:00:00,4827.96,4843.23,4806.38,4809.01,0
7/21/2011 16:00:00,4814.76,4884.52,4814.76,4877.3,0
7/22/2011 16:00:00,4875.22,4903.34,4856.59,4887.59,0
7/25/2011 16:00:00,4883.29,4902.03,4848.87,4882.75,0
7/26/2011 16:00:00,4893.45,4896.46,4856.29,4878.71,0
7/27/2011 16:00:00,4873.77,4874.52,4753.58,4789.07,0
7/28/2011 16:00:00,4791.76,4837.96,4778.7,4799.28,0
7/29/2011 16:00:00,4791.12,4821.09,4739.64,4809.91,0
8/1/2011 16:00:00,4816.3,4871.36,4777.82,4808.61,0
8/2/2011 16:00:00,4801.04,4801.04,4653.32,4655.45,0
8/3/2011 16:00:00,4662.52,4663.31,4538.86,4607.56,0
8/4/2011 16:00:00,4597.36,4597.36,4329.02,4331.13,0
8/5/2011 16:00:00,4340.26,4426.37,4178.23,4325.62,0
8/8/2011 16:00:00,4303.76,4304.6,3915.08,3944.44,0
8/9/2011 16:00:00,3940.74,4162.29,3937.65,4158.68,0
8/10/2011 16:00:00,4141.81,4164.7,4002.73,4054.37,0
8/11/2011 16:00:00,4053.82,4273.59,4051.99,4243.6,0
8/15/2011 16:00:00,4283.84,4384.52,4283.84,4383.43,0
8/16/2011 16:00:00,4375.96,4376.64,4296.1,4350.41,0
8/17/2011 16:00:00,4364.19,4426.31,4356.05,4425.14,0
8/18/2011 16:00:00,4410.54,4410.74,4175.94,4244.73,0
8/19/2011 16:00:00,4249.03,4309.38,4199.47,4202.17,0
8/22/2011 16:00:00,4211.95,4296.94,4197.44,4206.46,0
8/23/2011 16:00:00,4211.23,4315.02,4169.61,4314.3,0
8/24/2011 16:00:00,4305,4337.27,4230.56,4289.42,0
8/25/2011 16:00:00,4291.89,4314.14,4221.52,4241.8,0
8/26/2011 16:00:00,4236.49,4293.1,4156.52,4290.81,0
8/29/2011 16:00:00,4294.9,4416.55,4294.87,4414.07,0
8/30/2011 16:00:00,4406.75,4464.81,4372.33,4445.41,0
8/31/2011 16:00:00,4452.28,4531.76,4452.02,4529.58,0
9/1/2011 16:00:00,4528.18,4623.7,4527.62,4581.25,0
9/2/2011 16:00:00,4577.97,4577.97,4396.38,4440.3,0
9/5/2011 16:00:00,4421.6,4421.7,4350.3,4364.54,0
9/6/2011 16:00:00,4360.14,4360.37,4239.21,4350.08,0
9/7/2011 16:00:00,4356.95,4451.63,4356.95,4450.86,0
9/8/2011 16:00:00,4447.44,4448.12,4381.76,4395.97,0
9/9/2011 16:00:00,4386.94,4387.08,4210.68,4229.54,0
9/12/2011 16:00:00,4217.39,4217.39,4071.08,4167.55,0
9/13/2011 16:00:00,4167.24,4191.87,4125.11,4174.84,0
9/14/2011 16:00:00,4178.46,4242.9,4104.34,4212.96,0
9/15/2011 16:00:00,4220.02,4301.02,4214.53,4278.7,0
9/16/2011 16:00:00,4272.62,4298.34,4242.27,4253.26,0
9/19/2011 16:00:00,4240.62,4240.62,4121.52,4189.36,0
9/20/2011 16:00:00,4182.56,4208.56,4137.11,4144.13,0
9/21/2011 16:00:00,4117.12,4126.84,3985.41,3986.14,0
9/22/2011 16:00:00,3942.13,3942.21,3692.97,3715.07,0
9/23/2011 16:00:00,3717.22,3793.47,3700.85,3785.33,0
9/26/2011 16:00:00,3796.32,3867.53,3714.47,3864.17,0
9/27/2011 16:00:00,3888.8,4025.69,3888.8,3957.19,0
9/28/2011 16:00:00,3953.61,3983.83,3853.4,3856.91,0
9/29/2011 16:00:00,3863.27,3959.29,3823.75,3873.33,0
9/30/2011 16:00:00,3861.23,3861.3,3723.13,3760.35,0
10/3/2011 16:00:00,3757.01,3759.24,3647.93,3648.2,0
10/4/2011 16:00:00,3643.92,3675.3,3542.33,3673.47,0
10/5/2011 16:00:00,3679.51,3762.55,3672.45,3749.35,0
10/6/2011 16:00:00,3754.49,3899.79,3754.49,3895.54,0
10/7/2011 16:00:00,3896.04,3957.28,3810.93,3837.07,0
10/10/2011 16:00:00,3855.82,3983.28,3854.21,3976.77,0
10/11/2011 16:00:00,3974.69,4040.46,3945.97,4021.44,0
10/12/2011 16:00:00,4034.95,4167.77,4034.58,4127.67,0
10/13/2011 16:00:00,4121.75,4125.69,4031.9,4100.25,0
10/14/2011 16:00:00,4113.97,4176.73,4113.97,4168.82,0
10/17/2011 16:00:00,4165.5,4168.78,4014.92,4021.05,0
10/18/2011 16:00:00,4011.47,4124.04,3969.84,4112.14,0
10/19/2011 16:00:00,4107.31,4119.86,4029.55,4056.15,0
10/20/2011 16:00:00,4054.62,4054.62,3927.96,3995.42,0
10/21/2011 16:00:00,3997.77,4096.51,3997.1,4092.02,0
10/24/2011 16:00:00,4094.63,4245.04,4094.17,4242.62,0
10/25/2011 16:00:00,4243.66,4243.96,4136,4168.38,0
10/26/2011 16:00:00,4180.95,4264.13,4161.52,4253.16,0
10/27/2011 16:00:00,4294.84,4516.1,4293.14,4478.76,0
10/28/2011 16:00:00,4478,4539.43,4440.06,4535.71,0
10/31/2011 16:00:00,4525.02,4525.64,4397.75,4398.02,0
11/1/2011 16:00:00,4374.46,4376.55,4221.42,4295.86,0
11/2/2011 16:00:00,4285.47,4370.03,4275.9,4342.24,0
11/3/2011 16:00:00,4353.91,4419.36,4345.93,4400.29,0
11/4/2011 16:00:00,4400.91,4411.08,4324.1,4391.76,0
11/7/2011 16:00:00,4385.25,4444.91,4382.43,4439.6,0
11/8/2011 16:00:00,4445.47,4484.11,4415.13,4480.43,0
11/9/2011 16:00:00,4455.04,4455.17,4272.96,4277.23,0
11/10/2011 16:00:00,4287.18,4367.27,4286.89,4305.1,0
11/11/2011 16:00:00,4312.4,4420.9,4312.13,4411.62,0
11/14/2011 16:00:00,4401,4406.57,4339.17,4355.97,0
11/15/2011 16:00:00,4346.48,4379.4,4252.9,4355.43,0
11/16/2011 16:00:00,4353.77,4355.9,4288.28,4288.5,0
11/17/2011 16:00:00,4282.62,4319.11,4180.32,4198.2,0
11/18/2011 16:00:00,4208.22,4221.93,4154.27,4177.85,0
11/21/2011 16:00:00,4152.97,4153.99,4045.81,4093.91,0
11/22/2011 16:00:00,4099.46,4100.61,4010.5,4046.55,0
11/23/2011 16:00:00,4032.51,4032.87,3906.11,3909.56,0
11/24/2011 16:00:00,3924.04,3931.38,3905.52,3908.48,0
11/25/2011 16:00:00,3899.76,3918.8,3833.1,3837.01,0
11/28/2011 16:00:00,3859.54,4003,3859.03,3992.54,0
11/29/2011 16:00:00,3996.98,4041.02,3969.46,3990.01,0
11/30/2011 16:00:00,3998.55,4210.2,3998.42,4194.06,0
12/1/2011 16:00:00,4207.1,4274.82,4203.76,4217.01,0
12/2/2011 16:00:00,4230.82,4284.82,4218.68,4231.71,0
12/5/2011 16:00:00,4245.49,4324.61,4245.49,4304.43,0
12/6/2011 16:00:00,4301.73,4317.57,4256.23,4298.45,0
12/7/2011 16:00:00,4300.28,4310.83,4267.97,4294.28,0
12/8/2011 16:00:00,4294.24,4303.52,4173.91,4178.92,0
12/9/2011 16:00:00,4185.69,4286.63,4176.21,4278.72,0
12/12/2011 16:00:00,4261.16,4261.66,4132.44,4173.36,0
12/13/2011 16:00:00,4176.48,4207.45,4089.49,4116.52,0
12/14/2011 16:00:00,4107.88,4111.59,4031.16,4042.48,0
12/15/2011 16:00:00,4055.44,4117.07,4043.79,4053.03,0
12/16/2011 16:00:00,4059.43,4098.63,4040.25,4065.97,0
12/19/2011 16:00:00,4063.3,4135.46,3992.04,3998.58,0
12/20/2011 16:00:00,4003.83,4142.88,4003.81,4125.09,0
12/21/2011 16:00:00,4126.18,4141.66,4076.49,4137.31,0
12/22/2011 16:00:00,4143.56,4195.21,4133.59,4190.27,0
12/23/2011 16:00:00,4192.66,4208.57,4184.78,4202.59,0
12/26/2011 16:00:00,4198,4202.76,4188.43,4196.12,0
12/27/2011 16:00:00,4199.38,4199.89,4163.72,4173.38,0
12/28/2011 16:00:00,4177.16,4181.2,4078.67,4087.95,0
12/29/2011 16:00:00,4089.69,4142.13,4086.79,4138.02,0
12/30/2011 16:00:00,4143.2,4171.82,4140.07,4161.09,0
1/2/2012 16:00:00,4162.45,4171.12,4153.77,4170.89,0
1/3/2012 16:00:00,4182.13,4289.3,4181.39,4276.78,0
1/4/2012 16:00:00,4275.93,4308.42,4257.57,4287.85,0
1/5/2012 16:00:00,4284.77,4289.27,4209.81,4236.62,0
1/6/2012 16:00:00,4238.22,4260.01,4208,4212.17,0
1/9/2012 16:00:00,4212,4258.75,4209.78,4257.2,0
1/10/2012 16:00:00,4269.38,4352.81,4269.02,4321.35,0
1/11/2012 16:00:00,4318.77,4347.75,4306.52,4346.63,0
1/12/2012 16:00:00,4355.52,4388.96,4351.06,4374,0
1/13/2012 16:00:00,4375.28,4377.32,4281.25,4319.94,0
1/16/2012 16:00:00,4323.59,4341.92,4322.1,4336.71,0
1/17/2012 16:00:00,4349.38,4425.67,4346.21,4402.11,0
1/18/2012 16:00:00,4405.63,4518.21,4405.35,4512.79,0
1/19/2012 16:00:00,4521.23,4554.86,4515.61,4537.73,0
1/20/2012 16:00:00,4538.24,4539.83,4509.33,4535.05,0
1/23/2012 16:00:00,4545.6,4564.76,4522.11,4549.66,0
1/24/2012 16:00:00,4543.2,4544.18,4477.79,4529.5,0
1/25/2012 16:00:00,4525,4606.54,4497.16,4602.58,0
1/26/2012 16:00:00,4617.16,4651.84,4559.55,4574.44,0
1/27/2012 16:00:00,4582.18,4599.79,4565.6,4586.33,0
1/30/2012 16:00:00,4576.68,4577.88,4479.55,4546.78,0
1/31/2012 16:00:00,4554.36,4594.21,4514.22,4535.53,0
2/1/2012 16:00:00,4544.3,4663.79,4541.61,4641.86,0
2/2/2012 16:00:00,4643.4,4693.55,4642.22,4670.55,0
2/3/2012 16:00:00,4671.48,4745.67,4665.35,4733.56,0
2/6/2012 16:00:00,4726.74,4737.97,4699.84,4725.42,0
2/7/2012 16:00:00,4720.44,4760.91,4699.78,4750.95,0
2/8/2012 16:00:00,4756.15,4789.03,4744.23,4764.5,0
2/9/2012 16:00:00,4757.87,4772.89,4730.51,4771.96,0
2/10/2012 16:00:00,4758.09,4758.51,4652.65,4679.28,0
2/13/2012 16:00:00,4693.45,4753.33,4689.82,4740.79,0
2/14/2012 16:00:00,4740.99,4741.79,4641.13,4675.94,0
2/15/2012 16:00:00,4683.94,4694.08,4619.77,4632.89,0
2/16/2012 16:00:00,4619.54,4710.29,4601.97,4707.65,0
2/17/2012 16:00:00,4713.97,4747.36,4705.05,4737.85,0
2/20/2012 16:00:00,4746.27,4756.45,4742.92,4754.17,0
2/21/2012 16:00:00,4753.31,4758.79,4708.73,4721.86,0
2/22/2012 16:00:00,4718.82,4729.12,4692.94,4711.44,0
2/23/2012 16:00:00,4722.46,4728.99,4683.37,4727.13,0
2/24/2012 16:00:00,4732.86,4767.54,4726.52,4743.18,0
2/27/2012 16:00:00,4736.38,4737.94,4697.58,4720.4,0
2/28/2012 16:00:00,4728.87,4798.04,4725.54,4793.95,0
2/29/2012 16:00:00,4802.74,4843.42,4748.67,4753.5,0
3/1/2012 16:00:00,4757.47,4835.06,4754.57,4832.17,0
3/2/2012 16:00:00,4823.45,4834.44,4790.98,4816.9,0
3/5/2012 16:00:00,4811.61,4812.72,4726.57,4741.76,0
3/6/2012 16:00:00,4732.24,4732.68,4566.14,4589.45,0
3/7/2012 16:00:00,4591.64,4626.64,4576.25,4615.83,0
3/8/2012 16:00:00,4629.95,4708.67,4625.7,4699.91,0
3/9/2012 16:00:00,4700.25,4719.38,4669.84,4678.16,0
3/12/2012 16:00:00,4671.76,4672.02,4590.39,4620.59,0
3/13/2012 16:00:00,4621.49,4745.94,4618.72,4745.46,0
3/14/2012 16:00:00,4737.98,4742.2,4685.68,4711.74,0
3/15/2012 16:00:00,4715.43,4742.65,4705.99,4733.7,0
3/16/2012 16:00:00,4735.24,4754.06,4724.67,4747.25,0
3/19/2012 16:00:00,4746.74,4778.54,4724.41,4751.31,0
3/20/2012 16:00:00,4741.01,4741.13,4651.41,4695.66,0
3/21/2012 16:00:00,4694.28,4704.76,4668.05,4694.85,0
3/22/2012 16:00:00,4684.78,4686.24,4618.72,4639.4,0
3/23/2012 16:00:00,4635.35,4665.99,4615.88,4664.53,0
3/26/2012 16:00:00,4672.54,4754.62,4672.3,4753.89,0
3/27/2012 16:00:00,4751.38,4778.09,4723.47,4732.89,0
3/28/2012 16:00:00,4728.57,4729.35,4633.58,4655.68,0
3/29/2012 16:00:00,4649.49,4655.84,4570.26,4653.15,0
3/30/2012 16:00:00,4656.51,4677.18,4628.93,4653.03,0
4/2/2012 16:00:00,4655.97,4726.25,4635.72,4710.9,0
4/3/2012 16:00:00,4709.46,4720.03,4643.46,4675.4,0
4/4/2012 16:00:00,4664.27,4664.61,4578.63,4579.24,0
4/5/2012 16:00:00,4570.73,4591.22,4542.82,4569.62,0
4/9/2012 16:00:00,4554.1,4555.82,4501.07,4543.58,0
4/10/2012 16:00:00,4537.48,4538.75,4435.38,4457.7,0
4/11/2012 16:00:00,4462.37,4524.93,4462.36,4478.89,0
4/12/2012 16:00:00,4485.48,4574.85,4479.8,4573.96,0
4/13/2012 16:00:00,4568.43,4569.08,4456.7,4503.77,0
4/16/2012 16:00:00,4488.04,4523.37,4418.88,4447.83,0
4/17/2012 16:00:00,4454,4497.58,4449.68,4476.96,0
4/18/2012 16:00:00,4473.71,4474.19,4426.34,4449,0
4/19/2012 16:00:00,4445.48,4458.22,4408.26,4440.11,0
4/20/2012 16:00:00,4446.4,4512.87,4444.26,4482.48,0
4/23/2012 16:00:00,4469.35,4470.19,4367.4,4430.47,0
4/24/2012 16:00:00,4433.42,4461.1,4424.36,4434.18,0
4/25/2012 16:00:00,4440.87,4457.25,4394.44,4417.7,0
4/26/2012 16:00:00,4418.53,4434.56,4378.59,4426.74,0
4/27/2012 16:00:00,4431.31,4469.87,4422.54,4456.88,0
4/30/2012 16:00:00,4458.64,4462,4417.21,4443.37,0
5/1/2012 16:00:00,4444.17,4496.61,4443.36,4475.7,0
5/2/2012 16:00:00,4468.89,4470.55,4437.08,4445.08,0
5/3/2012 16:00:00,4450.61,4454.41,4385.05,4420.12,0
5/4/2012 16:00:00,4418.33,4419.81,4310.46,4324.82,0
5/7/2012 16:00:00,4322.79,4377.57,4300.37,4370.12,0
5/8/2012 16:00:00,4363.15,4363.38,4227.22,4251.21,0
5/9/2012 16:00:00,4233.4,4233.67,4145.84,4186.02,0
5/10/2012 16:00:00,4194.22,4243.52,4193.75,4198.69,0
5/11/2012 16:00:00,4191.32,4223.78,4152.94,4155.26,0
5/14/2012 16:00:00,4142.2,4143.25,4031.55,4032.16,0
5/15/2012 16:00:00,4034.21,4052.77,3958.64,3965.69,0
5/16/2012 16:00:00,3968.24,4024.81,3928.15,3937.37,0
5/17/2012 16:00:00,3941.48,3944.2,3845.82,3849.83,0
5/18/2012 16:00:00,3856.96,3879.97,3795.7,3831.19,0
5/21/2012 16:00:00,3830.27,3919.67,3826.71,3919.45,0
5/22/2012 16:00:00,3919.63,3941.37,3844.1,3870.67,0
5/23/2012 16:00:00,3858.67,3860.26,3755.14,3858.45,0
5/24/2012 16:00:00,3860.23,3882.75,3814.11,3852.7,0
5/25/2012 16:00:00,3849.99,3901.57,3849.01,3883.55,0
5/28/2012 16:00:00,3892.27,3900.48,3889.97,3892.93,0
5/29/2012 16:00:00,3893.39,3950.82,3892.33,3935.34,0
5/30/2012 16:00:00,3925.61,3926.12,3853.05,3864.61,0
5/31/2012 16:00:00,3859.92,3892.82,3807.09,3881.57,0
6/1/2012 16:00:00,3873.52,3881.28,3785.43,3787.81,0
6/4/2012 16:00:00,3793.5,3823.57,3779.7,3793.2,0
6/5/2012 16:00:00,3795.15,3835.35,3794.53,3804.16,0
6/6/2012 16:00:00,3804.32,3901.01,3804.1,3900.84,0
6/7/2012 16:00:00,3913.17,3985.33,3912.51,3923.09,0
6/8/2012 16:00:00,3915.22,3919.4,3861.28,3910.51,0
6/11/2012 16:00:00,3913.27,3951.29,3836.8,3842.12,0
6/12/2012 16:00:00,3847.17,3895.52,3847.17,3892.71,0
6/13/2012 16:00:00,3893.67,3921.72,3870.12,3878.61,0
6/14/2012 16:00:00,3880.51,3918.27,3856.53,3910.23,0
6/15/2012 16:00:00,3912.55,3956.87,3912.21,3956.87,0
6/18/2012 16:00:00,3952.71,3988.91,3918.79,3981.33,0
6/19/2012 16:00:00,3989.92,4102.34,3989.92,4091.25,0
6/20/2012 16:00:00,4090.87,4117.61,4037.29,4087.41,0
6/21/2012 16:00:00,4089.16,4089.83,3955,3957.17,0
6/22/2012 16:00:00,3962.13,3983.91,3920.92,3943.64,0
6/25/2012 16:00:00,3934.21,3934.85,3852.64,3862.23,0
6/26/2012 16:00:00,3862.11,3902.21,3835.6,3884.28,0
6/27/2012 16:00:00,3886.35,3925.3,3877.46,3903.87,0
6/28/2012 16:00:00,3896.66,3896.66,3841.1,3885.67,0
6/29/2012 16:00:00,3913.46,4057.08,3913.04,4053.58,0
7/2/2012 16:00:00,4054.5,4088.5,4050.71,4087.21,0
7/3/2012 16:00:00,4085.05,4151.24,4084.16,4143.62,0
7/4/2012 16:00:00,4140.34,4146.8,4138.17,4141.49,0
7/5/2012 16:00:00,4143.25,4148.17,4077.7,4123.87,0
7/6/2012 16:00:00,4111.07,4113.6,4043.69,4070.13,0
7/9/2012 16:00:00,4068.86,4069.32,4035.84,4058.23,0
7/10/2012 16:00:00,4065.19,4105.77,3994.05,4009.9,0
7/11/2012 16:00:00,4012.95,4048.12,3990.8,4021.9,0
7/12/2012 16:00:00,4011.47,4014.45,3942.36,3998.78,0
7/13/2012 16:00:00,4002.67,4078.35,4001.84,4070.64,0
7/16/2012 16:00:00,4068.69,4086.63,4042.66,4076.43,0
7/17/2012 16:00:00,4079.42,4114.3,4051.84,4110.04,0
7/18/2012 16:00:00,4105.52,4134.9,4080.83,4120.66,0
7/19/2012 16:00:00,4122.55,4157.31,4116.69,4152.73,0
7/20/2012 16:00:00,4143.41,4144.76,4090.68,4101.06,0
7/23/2012 16:00:00,4079.69,4080.3,3963.69,4013.99,0
7/24/2012 16:00:00,4008.65,4040.21,3952.54,3978.71,0
7/25/2012 16:00:00,3988.93,4014.46,3958.92,3965.89,0
7/26/2012 16:00:00,3982.58,4072.63,3981.58,4063.11,0
7/27/2012 16:00:00,4068.85,4188.85,4068.65,4182.62,0
7/30/2012 16:00:00,4186.08,4186.08,4143.15,4179.59,0
7/31/2012 16:00:00,4183.13,4189.94,4110.62,4114.36,0
8/1/2012 16:00:00,4117.26,4143.55,4088.91,4104.94,0
8/2/2012 16:00:00,4098.06,4104.87,4041.28,4053.86,0
8/3/2012 16:00:00,4070.28,4169.2,4069.96,4149.42,0
8/6/2012 16:00:00,4153.62,4212.86,4146.37,4181.75,0
8/7/2012 16:00:00,4187.16,4227.12,4180.67,4186.07,0
8/8/2012 16:00:00,4180.79,4229.84,4177.92,4225.39,0
8/9/2012 16:00:00,4225.16,4242.81,4206.75,4221.65,0
8/10/2012 16:00:00,4215.46,4251.48,4190.72,4249.45,0
8/13/2012 16:00:00,4248.33,4248.84,4185.51,4204.62,0
8/14/2012 16:00:00,4212.19,4228.89,4170.4,4180.34,0
8/15/2012 16:00:00,4181.96,4193.76,4163.85,4191.59,0
8/16/2012 16:00:00,4194.23,4240.37,4186.74,4235.17,0
8/17/2012 16:00:00,4231.51,4249.72,4219.12,4237.29,0
8/20/2012 16:00:00,4237.11,4237.85,4207.27,4231.73,0
8/21/2012 16:00:00,4240.56,4270.68,4181.75,4194.24,0
8/22/2012 16:00:00,4190.62,4200.27,4149.91,4194.59,0
8/23/2012 16:00:00,4190.78,4191.94,4128.69,4151.08,0
8/24/2012 16:00:00,4143.31,4178.88,4107.97,4158.12,0
8/27/2012 16:00:00,4158.83,4159.15,4118.07,4122.54,0
8/28/2012 16:00:00,4123.26,4131.17,4105.97,4125.99,0
8/29/2012 16:00:00,4122.17,4122.5,4060.85,4071.94,0
8/30/2012 16:00:00,4067.65,4068.09,4028.83,4049.61,0
8/31/2012 16:00:00,4054.65,4093.53,4050.24,4065.41,0
9/3/2012 16:00:00,4063.38,4078.05,4060.92,4074.32,0
9/4/2012 16:00:00,4079.48,4079.86,4019.3,4020.68,0
9/5/2012 16:00:00,4021.89,4050.69,4017.12,4045.24,0
9/6/2012 16:00:00,4050.14,4140.02,4048.93,4135.05,0
9/7/2012 16:00:00,4143.82,4225.87,4141.07,4205.7,0
9/10/2012 16:00:00,4204.48,4206.72,4145.12,4146.91,0
9/11/2012 16:00:00,4151.11,4193.13,4149.48,4185.37,0
9/12/2012 16:00:00,4186.5,4213.94,4169.93,4189.89,0
9/13/2012 16:00:00,4192.5,4306.23,4177.93,4306.23,0
9/14/2012 16:00:00,4314.74,4412.16,4311.07,4352.76,0
9/17/2012 16:00:00,4347.63,4351.24,4311.66,4322.84,0
9/18/2012 16:00:00,4321.37,4332.57,4300.05,4318.53,0
9/19/2012 16:00:00,4318.14,4335.57,4296.67,4307.83,0
9/20/2012 16:00:00,4303.31,4303.75,4251.95,4278.88,0
9/21/2012 16:00:00,4283.36,4306.03,4258.52,4259.95,0
9/24/2012 16:00:00,4255.04,4272.85,4236.39,4255.77,0
9/25/2012 16:00:00,4262.45,4266.03,4173.55,4175.09,0
9/26/2012 16:00:00,4167.47,4180.78,4123.31,4179.49,0
9/27/2012 16:00:00,4183.95,4219.77,4171.29,4210.74,0
9/28/2012 16:00:00,4208.03,4208.92,4146.85,4167.45,0
10/1/2012 16:00:00,4168.77,4217.91,4167.28,4194.75,0
10/2/2012 16:00:00,4197.44,4224.66,4181.19,4194.43,0
10/3/2012 16:00:00,4197.44,4198.69,4158.21,4165.04,0
10/4/2012 16:00:00,4170.06,4213.55,4157.44,4209.4,0
10/5/2012 16:00:00,4211.67,4259.84,4211.67,4222.58,0
10/8/2012 16:00:00,4217.16,4241.54,4185.28,4236.81,0
10/9/2012 16:00:00,4238.67,4240.49,4184.19,4189.77,0
10/10/2012 16:00:00,4193.26,4197.39,4146.63,4152.93,0
10/11/2012 16:00:00,4159.06,4204.33,4159.06,4180.54,0
10/12/2012 16:00:00,4185.87,4199.75,4162.81,4172.28,0
10/15/2012 16:00:00,4176.63,4216.02,4175.67,4214.91,0
10/16/2012 16:00:00,4218.28,4267.65,4217.59,4249.06,0
10/17/2012 16:00:00,4253.59,4268.08,4235.91,4257.38,0
10/18/2012 16:00:00,4256.63,4266.21,4225.17,4260.04,0
10/19/2012 16:00:00,4255.44,4260.14,4204.89,4217.05,0
10/22/2012 16:00:00,4219.14,4226.52,4185.27,4216,0
10/23/2012 16:00:00,4206.05,4206.08,4119.22,4129.55,0
10/24/2012 16:00:00,4128.99,4171.41,4128.77,4148.07,0
10/25/2012 16:00:00,4153.5,4213.51,4152.8,4174.71,0
10/26/2012 16:00:00,4168.57,4193.33,4158.19,4171.8,0
10/29/2012 16:00:00,4166.48,4171.43,4161.58,4169.98,0
10/30/2012 16:00:00,4172.04,4183.51,4166.91,4170.44,0
10/31/2012 16:00:00,4174.36,4174.86,4125.8,4137.32,0
11/1/2012 16:00:00,4137.97,4197.14,4137.67,4192.45,0
11/2/2012 16:00:00,4191.23,4236.56,4169.3,4178.05,0
11/5/2012 16:00:00,4175.35,4194.58,4166.11,4187.42,0
11/6/2012 16:00:00,4192.73,4219.8,4183.7,4204.3,0
11/7/2012 16:00:00,4207.62,4207.74,4117.29,4132.61,0
11/8/2012 16:00:00,4131.33,4152.23,4065.24,4074.61,0
11/9/2012 16:00:00,4070.52,4089.12,4045.78,4058.14,0
11/12/2012 16:00:00,4059.13,4060.88,4035.58,4041.25,0
11/13/2012 16:00:00,4040.21,4054,4001.36,4028.71,0
11/14/2012 16:00:00,4032.23,4032.42,3965.7,3973.28,0
11/15/2012 16:00:00,3976.26,3989.35,3953.05,3978.43,0
11/16/2012 16:00:00,3976.51,3993.26,3941.01,3982.79,0
11/19/2012 16:00:00,3990.81,4045.92,3988.4,4039.25,0
11/20/2012 16:00:00,4038.2,4046.43,4020.93,4038.35,0
11/21/2012 16:00:00,4045.98,4047.92,4020.95,4046.37,0
11/22/2012 16:00:00,4052.08,4063.11,4048.57,4058.28,0
11/23/2012 16:00:00,4059.89,4102.43,4057.54,4100.59,0
11/26/2012 16:00:00,4098.37,4098.61,4061.76,4078.02,0
11/27/2012 16:00:00,4080.63,4094.9,4028.46,4031.39,0
11/28/2012 16:00:00,4027.29,4047.65,3993.22,4047.44,0
11/29/2012 16:00:00,4051.77,4086.37,4037.11,4077.03,0
11/30/2012 16:00:00,4079.63,4082.3,4040.09,4056.93,0
12/3/2012 16:00:00,4062.55,4095.66,4061.99,4068.74,0
12/4/2012 16:00:00,4073.29,4091.71,4047.67,4051.65,0
12/5/2012 16:00:00,4053.24,4108.09,4053.09,4093.34,0
12/6/2012 16:00:00,4094.66,4120.48,4083.4,4120.48,0
12/7/2012 16:00:00,4118.93,4139.84,4111.28,4137.4,0
12/10/2012 16:00:00,4139.95,4177.68,4132.72,4175.58,0
12/11/2012 16:00:00,4178.23,4212.77,4174.48,4212.65,0
12/12/2012 16:00:00,4213.47,4237.82,4199.74,4217.39,0
12/13/2012 16:00:00,4217.5,4232.92,4189.35,4197.16,0
12/14/2012 16:00:00,4196.69,4226.28,4193.08,4223.61,0
12/17/2012 16:00:00,4219.96,4231.52,4213.72,4228.33,0
12/18/2012 16:00:00,4230,4272.49,4222.95,4269.95,0
12/19/2012 16:00:00,4273.13,4307.39,4270.95,4293.97,0
12/20/2012 16:00:00,4293.59,4311.24,4282.32,4310.78,0
12/21/2012 16:00:00,4302.27,4302.27,4246.42,4279.34,0
12/24/2012 16:00:00,4276.85,4363.5,4252.3,4261.43,0
12/26/2012 16:00:00,4260.95,4294.86,4256.92,4258.16,0
12/27/2012 16:00:00,4266.69,4274.54,4228.82,4263.99,0
12/28/2012 16:00:00,4262.11,4273.56,4249.1,4255.84,0
12/31/2012 16:00:00,4255.45,4299.19,4241.37,4297.67,0
1/2/2013 16:00:00,4305.11,4380.86,4305.11,4377.82,0
1/3/2013 16:00:00,4375.07,4442.42,4370.81,4413.24,0
1/4/2013 16:00:00,4411.71,4440.28,4396.21,4436.25,0
1/7/2013 16:00:00,4435.27,4438.63,4405.53,4423.38,0
1/8/2013 16:00:00,4427.31,4428.23,4373.43,4392.21,0
1/9/2013 16:00:00,4393.06,4429.69,4389.31,4429.42,0
1/10/2013 16:00:00,4435.45,4466.74,4425.6,4460.22,0
1/11/2013 16:00:00,4457.35,4461.11,4418.64,4432.06,0
1/14/2013 16:00:00,4433,4475.04,4428.57,4456.91,0
1/15/2013 16:00:00,4450.04,4450.56,4427.35,4442.86,0
1/16/2013 16:00:00,4440.94,4443.6,4407.86,4440.71,0
1/17/2013 16:00:00,4443.85,4481.23,4442.58,4469.01,0
1/18/2013 16:00:00,4465.95,4476.54,4454.55,4476.54,0
1/21/2013 16:00:00,4472.79,4474.61,4468.11,4473.46,0
1/22/2013 16:00:00,4475.41,4492.19,4448.56,4492.19,0
1/23/2013 16:00:00,4491.07,4495.12,4472.25,4481.87,0
1/24/2013 16:00:00,4481.95,4509.15,4461.13,4487.59,0
1/25/2013 16:00:00,4485.7,4503.18,4468.85,4491.5,0
1/28/2013 16:00:00,4489.3,4493.49,4442.7,4462.11,0
1/29/2013 16:00:00,4467.52,4506.39,4464.97,4502,0
1/30/2013 16:00:00,4504.73,4504.9,4451.19,4464.95,0
1/31/2013 16:00:00,4465.38,4475.76,4441.93,4468.06,0
2/1/2013 16:00:00,4464.45,4510.13,4462.86,4507.57,0
2/4/2013 16:00:00,4504.49,4504.81,4439.23,4448.99,0
2/5/2013 16:00:00,4454,4472.98,4444.09,4451.73,0
2/6/2013 16:00:00,4451.72,4453.11,4416.88,4438.86,0
2/7/2013 16:00:00,4443.24,4467.88,4399.85,4418.7,0
2/8/2013 16:00:00,4420.69,4440.37,4411.9,4435.51,0
2/11/2013 16:00:00,4430.05,4432.08,4406.84,4417.77,0
2/12/2013 16:00:00,4417.88,4436.19,4409.62,4424.75,0
2/13/2013 16:00:00,4428.93,4429.13,4374.59,4383.76,0
2/14/2013 16:00:00,4377.22,4380.75,4347.88,4369.01,0
2/15/2013 16:00:00,4369.51,4391.9,4366.86,4384.41,0
2/18/2013 16:00:00,4385.99,4387.53,4378.5,4384.44,0
2/19/2013 16:00:00,4384.66,4420.6,4384.01,4410.44,0
2/20/2013 16:00:00,4406.01,4408.22,4309.67,4319.37,0
2/21/2013 16:00:00,4313.87,4313.93,4235.69,4265.93,0
2/22/2013 16:00:00,4269.3,4295.33,4268.5,4292.5,0
2/25/2013 16:00:00,4297.01,4311.09,4228.44,4229.87,0
2/26/2013 16:00:00,4229.95,4249.09,4185.22,4238.65,0
2/27/2013 16:00:00,4239.09,4258.23,4216.14,4255.67,0
2/28/2013 16:00:00,4256.86,4290.3,4252.17,4266.74,0
3/1/2013 16:00:00,4261.32,4272.22,4223.91,4272.12,0
3/4/2013 16:00:00,4265.2,4266.82,4227.85,4255.07,0
3/5/2013 16:00:00,4257.28,4311.97,4256.56,4277.93,0
3/6/2013 16:00:00,4279.38,4330.22,4274.97,4325.09,0
3/7/2013 16:00:00,4324.3,4377.72,4322.6,4353.52,0
3/8/2013 16:00:00,4355.97,4412.18,4351.4,4409.84,0
3/11/2013 16:00:00,4411.97,4414,4354.19,4380.88,0
3/12/2013 16:00:00,4383.86,4396.58,4353.87,4365.76,0
3/13/2013 16:00:00,4367.93,4375.67,4288.11,4289.2,0
3/14/2013 16:00:00,4289.04,4308.88,4272.64,4279.01,0
3/15/2013 16:00:00,4283.94,4287.88,4240.62,4241.17,0
3/18/2013 16:00:00,4235.3,4243.49,4197.32,4227.37,0
3/19/2013 16:00:00,4230.83,4246.88,4182.43,4207.38,0
3/20/2013 16:00:00,4212.06,4227.54,4195.67,4216.3,0
3/21/2013 16:00:00,4219.16,4219.37,4179.01,4190.67,0
3/22/2013 16:00:00,4192.77,4207.73,4181.74,4198.02,0
3/25/2013 16:00:00,4200.71,4214.55,4165.56,4180.86,0
3/26/2013 16:00:00,4184.71,4240.51,4184.64,4233.9,0
3/27/2013 16:00:00,4228.72,4257.61,4185.98,4254.67,0
3/28/2013 16:00:00,4257.28,4277.47,4252.95,4277.34,0
4/1/2013 16:00:00,4279.5,4280.84,4238.56,4241.25,0
4/2/2013 16:00:00,4244.7,4259.11,4219.26,4224.16,0
4/3/2013 16:00:00,4225.08,4225.15,4167.08,4180.32,0
4/4/2013 16:00:00,4184.79,4209.34,4162.88,4169.55,0
4/5/2013 16:00:00,4169.59,4212.54,4115.04,4207.31,0
4/8/2013 16:00:00,4214.13,4219.07,4178.59,4207.45,0
4/9/2013 16:00:00,4211.74,4292.51,4211.25,4278.59,0
4/10/2013 16:00:00,4280.29,4349.55,4278.2,4313.81,0
4/11/2013 16:00:00,4314.5,4317.08,4279.38,4296.46,0
4/12/2013 16:00:00,4294.91,4294.91,4226.18,4267.41,0
4/15/2013 16:00:00,4261.95,4263.57,4105.71,4106.51,0
4/16/2013 16:00:00,4121.67,4177.32,4121.67,4173.35,0
4/17/2013 16:00:00,4168.33,4168.65,4049.23,4073.71,0
4/18/2013 16:00:00,4072.96,4082.74,4036.54,4060.95,0
4/19/2013 16:00:00,4067.16,4113.95,4059.78,4109.26,0
4/22/2013 16:00:00,4110.83,4119.15,4082.52,4114.37,0
4/23/2013 16:00:00,4115.17,4176.55,4111.49,4159.68,0
4/24/2013 16:00:00,4159.55,4186.19,4156.54,4177.71,0
4/25/2013 16:00:00,4183.33,4204.79,4169.26,4189.98,0
4/26/2013 16:00:00,4187.29,4188.41,4119.69,4123.63,0
4/29/2013 16:00:00,4129.34,4160.07,4129.15,4144.86,0
4/30/2013 16:00:00,4148.55,4220.95,4114.82,4219.72,0
5/1/2013 16:00:00,4218.72,4220.15,4174.05,4185.15,0
5/2/2013 16:00:00,4185.84,4205.13,4167.96,4177.23,0
5/3/2013 16:00:00,4187.41,4257.64,4187.41,4230.48,0
5/6/2013 16:00:00,4230.78,4230.85,4194.08,4207.01,0
5/7/2013 16:00:00,4207.07,4266.47,4206.38,4257.51,0
5/8/2013 16:00:00,4258.64,4289.06,4244.59,4265.05,0
5/9/2013 16:00:00,4263.82,4273.83,4208.26,4223.87,0
5/10/2013 16:00:00,4219.26,4228.19,4184.85,4199.51,0
5/13/2013 16:00:00,4200.85,4208.91,4164.83,4180.13,0
5/14/2013 16:00:00,4177.69,4193.34,4152.48,4161.14,0
5/15/2013 16:00:00,4158.76,4185.51,4148.65,4164.21,0
5/16/2013 16:00:00,4160.31,4181.71,4138.39,4142.95,0
5/17/2013 16:00:00,4139.87,4157.74,4133.02,4149.82,0
5/20/2013 16:00:00,4151.37,4157.46,4128.79,4155.66,0
5/21/2013 16:00:00,4152.01,4163.02,4106.89,4143.33,0
5/22/2013 16:00:00,4150.47,4202.06,4092.74,4105.61,0
5/23/2013 16:00:00,4097.76,4107.57,4041.87,4105.17,0
5/24/2013 16:00:00,4100.67,4100.67,4057.09,4085.08,0
5/27/2013 16:00:00,4089.37,4089.65,4070.65,4077.88,0
5/28/2013 16:00:00,4074.74,4117.22,4065.72,4067.64,0
5/29/2013 16:00:00,4065.12,4065.12,3980.42,3986.6,0
5/30/2013 16:00:00,3971.08,4012.63,3966.57,3993.12,0
5/31/2013 16:00:00,3982.42,3986.29,3904.23,3938.89,0
6/3/2013 16:00:00,3950.62,3954.92,3909.91,3953.73,0
6/4/2013 16:00:00,3954.33,3965.19,3898.72,3924.57,0
6/5/2013 16:00:00,3930.38,3930.55,3843.97,3845.36,0
6/6/2013 16:00:00,3848.44,3879.86,3825.9,3878.95,0
6/7/2013 16:00:00,3874.37,3900.3,3819.95,3840.29,0
6/10/2013 16:00:00,3831.96,3832.02,3783.33,3803.49,0
6/11/2013 16:00:00,3795.85,3796.48,3721.09,3737.77,0
6/12/2013 16:00:00,3745.45,3760.27,3667.2,3683.87,0
6/13/2013 16:00:00,3694.34,3757.75,3692.74,3756.29,0
6/14/2013 16:00:00,3756.27,3774.6,3717.89,3721.33,0
6/17/2013 16:00:00,3719.78,3755.32,3696.73,3711.74,0
6/18/2013 16:00:00,3698.3,3707.83,3668.9,3689.42,0
6/19/2013 16:00:00,3691.83,3704.1,3576.27,3576.89,0
6/20/2013 16:00:00,3561.88,3562.12,3417.32,3447.16,0
6/21/2013 16:00:00,3444.88,3471.08,3396.33,3459.39,0
6/24/2013 16:00:00,3456.52,3457.25,3333.73,3403.02,0
6/25/2013 16:00:00,3411.24,3474.88,3409.72,3463.48,0
6/26/2013 16:00:00,3468.26,3553.89,3467.66,3541.69,0
6/27/2013 16:00:00,3552.87,3633.77,3552.67,3617.74,0
6/28/2013 16:00:00,3606.36,3638.43,3560.48,3631.33,0
7/1/2013 16:00:00,3643.09,3657.67,3611.04,3636.9,0
7/2/2013 16:00:00,3629.38,3629.64,3492.21,3522.24,0
7/3/2013 16:00:00,3517.59,3528.5,3481.26,3504.68,0
7/4/2013 16:00:00,3514.32,3536.28,3514.32,3530.44,0
7/5/2013 16:00:00,3516.38,3516.42,3417.53,3466.61,0
7/8/2013 16:00:00,3473.57,3507.3,3462.09,3466.04,0
7/9/2013 16:00:00,3470.74,3505.83,3469.21,3483.81,0
7/10/2013 16:00:00,3485.96,3488.9,3443.84,3456.03,0
7/11/2013 16:00:00,3466.26,3545.38,3466.18,3544.8,0
7/12/2013 16:00:00,3540.63,3540.8,3493,3517.53,0
7/15/2013 16:00:00,3525.87,3598.9,3523.78,3594.14,0
7/16/2013 16:00:00,3601.51,3603.99,3539.4,3563.03,0
7/17/2013 16:00:00,3572.38,3620.98,3570.83,3619.98,0
7/18/2013 16:00:00,3617.36,3650.4,3615.7,3629.17,0
7/19/2013 16:00:00,3628.58,3628.68,3580.16,3582.14,0
7/22/2013 16:00:00,3584.26,3652.23,3579.17,3644.15,0
7/23/2013 16:00:00,3644.11,3696.81,3644.11,3692.46,0
7/24/2013 16:00:00,3683.39,3684.01,3609.64,3635.26,0
7/25/2013 16:00:00,3635.35,3661.51,3621.31,3654.27,0
7/26/2013 16:00:00,3643.74,3666.76,3617.52,3647.8,0
7/29/2013 16:00:00,3645.98,3646.38,3593.91,3594.34,0
7/30/2013 16:00:00,3596.36,3622.63,3557.35,3560.26,0
7/31/2013 16:00:00,3551.51,3605.97,3533.77,3572.12,0
8/1/2013 16:00:00,3574.23,3635.14,3572.2,3628.02,0
8/2/2013 16:00:00,3643.12,3667.08,3625.16,3643.59,0
8/5/2013 16:00:00,3639.79,3640.7,3587.98,3598.29,0
8/6/2013 16:00:00,3603.66,3604.2,3556.53,3560.64,0
8/7/2013 16:00:00,3557.35,3567.64,3534.41,3546.89,0
8/8/2013 16:00:00,3556.38,3663.09,3555.82,3653.34,0
8/9/2013 16:00:00,3653.76,3682.77,3630.33,3672.75,0
8/12/2013 16:00:00,3677.26,3730.83,3650.34,3660.34,0
8/13/2013 16:00:00,3649.19,3664.09,3618.88,3647.37,0
8/14/2013 16:00:00,3649.46,3669.77,3640.12,3643.41,0
8/15/2013 16:00:00,3632.86,3642.66,3584.5,3630.24,0
8/16/2013 16:00:00,3627.76,3629.97,3553.9,3574.74,0
8/19/2013 16:00:00,3564.29,3564.35,3508.59,3516.11,0
8/20/2013 16:00:00,3525.89,3552.65,3509.38,3519.7,0
8/21/2013 16:00:00,3509.17,3509.17,3430.35,3435.4,0
8/22/2013 16:00:00,3443.65,3492.52,3440.6,3481.87,0
8/23/2013 16:00:00,3493.23,3577.28,3489.25,3576.24,0
8/26/2013 16:00:00,3577.38,3577.7,3496.2,3503.58,0
8/27/2013 16:00:00,3487.07,3487.29,3430.78,3439.99,0
8/28/2013 16:00:00,3434.11,3477.14,3422.39,3434.09,0
8/29/2013 16:00:00,3433.19,3472.44,3421.11,3433.6,0
8/30/2013 16:00:00,3436.73,3454.62,3414.16,3444.78,0
9/2/2013 16:00:00,3455.7,3464.98,3452.23,3452.45,0
9/3/2013 16:00:00,3453.76,3487.57,3447.51,3469.03,0
9/4/2013 16:00:00,3471.87,3495.5,3453.21,3481.83,0
9/5/2013 16:00:00,3481.83,3551.71,3477.5,3548,0
9/6/2013 16:00:00,3566.2,3627.28,3565.71,3614.19,0
9/9/2013 16:00:00,3614.58,3725.8,3613.03,3723.77,0
9/10/2013 16:00:00,3729.78,3761.54,3722.72,3759.12,0
9/11/2013 16:00:00,3759.62,3765.99,3716.95,3764.77,0
9/12/2013 16:00:00,3758.83,3762.35,3703.17,3708.98,0
9/13/2013 16:00:00,3707.11,3726.54,3700.54,3726.04,0
9/16/2013 16:00:00,3745.39,3778.17,3738.15,3745.23,0
9/17/2013 16:00:00,3748.63,3777.03,3744.62,3776.76,0
9/18/2013 16:00:00,3778.16,3936.4,3773.12,3933.31,0
9/19/2013 16:00:00,3935.78,3936.48,3870.46,3905.44,0
9/20/2013 16:00:00,3895.02,3904.9,3825.33,3829.5,0
9/23/2013 16:00:00,3832.98,3890.84,3832.98,3881.28,0
9/24/2013 16:00:00,3877.07,3882.06,3850.43,3854.67,0
9/25/2013 16:00:00,3850.12,3850.97,3809.67,3830.44,0
9/26/2013 16:00:00,3835.56,3856.52,3805.95,3809.91,0
9/27/2013 16:00:00,3797.53,3816.58,3784.43,3789.31,0
9/30/2013 16:00:00,3784.11,3795.53,3754.59,3759.27,0
10/1/2013 16:00:00,3757.38,3811.09,3756.94,3810.37,0
10/2/2013 16:00:00,3809.37,3831.71,3798.74,3829.81,0
10/3/2013 16:00:00,3821.9,3831.44,3776.3,3794.84,0
10/4/2013 16:00:00,3801.86,3823.14,3779.22,3820.87,0
10/7/2013 16:00:00,3813.22,3816.75,3790.09,3797.21,0
10/8/2013 16:00:00,3804.84,3809.5,3746.16,3757.21,0
10/9/2013 16:00:00,3759.48,3774.56,3741.37,3762.1,0
10/10/2013 16:00:00,3770.16,3851.91,3770.16,3845.98,0
10/11/2013 16:00:00,3845.79,3882.46,3826.53,3881.62,0
10/14/2013 16:00:00,3876.88,3921.5,3841.83,3911.51,0
10/15/2013 16:00:00,3909.56,3915.87,3872.02,3888.25,0
10/16/2013 16:00:00,3892.99,3963.6,3890.1,3926.18,0
10/17/2013 16:00:00,3929.97,3963.8,3929.17,3956.81,0
10/18/2013 16:00:00,3956.87,3968.54,3929.47,3938.6,0
10/21/2013 16:00:00,3938.03,3948.42,3913.57,3947.73,0
10/22/2013 16:00:00,3945.55,3994.41,3938.59,3986.04,0
10/23/2013 16:00:00,3973.82,3978.37,3911.03,3913.51,0
10/24/2013 16:00:00,3909.01,3911.02,3874.09,3897.37,0
10/25/2013 16:00:00,3899.24,3925.25,3883.05,3922.42,0
10/28/2013 16:00:00,3926.97,3964.55,3921.76,3963.3,0
10/29/2013 16:00:00,3958.51,3977.53,3952.04,3968.8,0
10/30/2013 16:00:00,3971.69,3977.27,3934.59,3965.85,0
10/31/2013 16:00:00,3960.02,3968.84,3904.47,3907.06,0
11/1/2013 16:00:00,3906.84,3909.62,3868.67,3888.96,0
11/4/2013 16:00:00,3894.25,3931.42,3892.54,3922.93,0
11/5/2013 16:00:00,3917.67,3917.91,3824.57,3827.19,0
11/6/2013 16:00:00,3827.53,3843.72,3818.93,3829.69,0
11/7/2013 16:00:00,3831.55,3843.58,3756.07,3757.38,0
11/8/2013 16:00:00,3761.71,3762.49,3678.85,3719.71,0
11/11/2013 16:00:00,3721.14,3723,3683.36,3698.71,0
11/12/2013 16:00:00,3697.08,3700.89,3652.11,3672.27,0
11/13/2013 16:00:00,3676.82,3702.28,3650.58,3701.13,0
11/14/2013 16:00:00,3703.18,3775.93,3702.65,3772.19,0
11/15/2013 16:00:00,3771.15,3824.82,3769.89,3815.27,0
11/18/2013 16:00:00,3826.69,3892.28,3826.4,3872.91,0
11/19/2013 16:00:00,3869.08,3870.64,3804.9,3813.72,0
11/20/2013 16:00:00,3812.7,3830.99,3774.96,3784.55,0
11/21/2013 16:00:00,3774.7,3776.41,3754.63,3760.53,0
11/22/2013 16:00:00,3758.44,3808.04,3751.9,3796.67,0
11/25/2013 16:00:00,3798.46,3800.69,3732.51,3735.44,0
11/26/2013 16:00:00,3729.5,3738.58,3695.7,3705.63,0
11/27/2013 16:00:00,3700.18,3732.49,3695.63,3720.51,0
11/28/2013 16:00:00,3724.8,3739.56,3722.9,3737.17,0
11/29/2013 16:00:00,3732.14,3754.25,3718.46,3753.98,0
12/2/2013 16:00:00,3747.68,3749.18,3645.38,3647.14,0
12/3/2013 16:00:00,3644.05,3656.06,3585.08,3613.49,0
12/4/2013 16:00:00,3613.61,3617.26,3563.15,3590.26,0
12/5/2013 16:00:00,3591.59,3631.04,3577.43,3597.99,0
12/6/2013 16:00:00,3601.12,3667.35,3598.48,3640.58,0
12/9/2013 16:00:00,3646.88,3687.55,3644.41,3672.05,0
12/10/2013 16:00:00,3678.96,3680.49,3666.3,3671.62,0
12/11/2013 16:00:00,3667.91,3668.56,3586.54,3589.18,0
12/12/2013 16:00:00,3595.09,3601.77,3562.92,3594,0
12/13/2013 16:00:00,3596.32,3612.89,3582.65,3598.48,0
12/16/2013 16:00:00,3597.07,3643.72,3595.15,3604.94,0
12/17/2013 16:00:00,3605.1,3632.47,3591.43,3594.53,0
12/18/2013 16:00:00,3595.47,3661.48,3559.82,3638.11,0
12/19/2013 16:00:00,3632.66,3638.74,3581.38,3619.35,0
12/20/2013 16:00:00,3613.63,3620.76,3578.38,3584.56,0
12/23/2013 16:00:00,3588.11,3626.78,3588.11,3620.99,0
12/24/2013 16:00:00,3620.02,3634.49,3608.4,3628.28,0
12/26/2013 16:00:00,3629.23,3634.1,3611.55,3612.81,0
12/27/2013 16:00:00,3610.05,3661.64,3609.76,3660.64,0
12/30/2013 16:00:00,3661.17,3676.2,3644.31,3655.51,0
12/31/2013 16:00:00,3652.48,3666.68,3649.76,3665.28,0
1/2/2014 16:00:00,3650.8,3653.23,3555.22,3563.78,0
1/3/2014 16:00:00,3569.05,3580.96,3547.76,3564.88,0
1/6/2014 16:00:00,3565.38,3569.04,3539.46,3542.51,0
1/7/2014 16:00:00,3543.63,3589.46,3542.26,3544.61,0
1/8/2014 16:00:00,3542.94,3549.05,3504.82,3506.41,0
1/9/2014 16:00:00,3508.25,3508.54,3445.2,3467.02,0
1/10/2014 16:00:00,3467.41,3540.98,3463.57,3534.69,0
1/13/2014 16:00:00,3532.68,3542.83,3488.73,3496.4,0
1/14/2014 16:00:00,3494.64,3531.83,3490.21,3528.27,0
1/15/2014 16:00:00,3528.96,3550.33,3523.63,3528.82,0
1/16/2014 16:00:00,3521.8,3534.93,3486.37,3489.99,0
1/17/2014 16:00:00,3493.06,3494.5,3470.08,3482.63,0
1/20/2014 16:00:00,3482.77,3488.17,3480.14,3482.41,0
1/21/2014 16:00:00,3470.07,3482.99,3433.73,3455.28,0
1/22/2014 16:00:00,3452.63,3483.28,3449.92,3479.79,0
1/23/2014 16:00:00,3473.55,3480.03,3374.88,3399.01,0
1/24/2014 16:00:00,3386.41,3391.1,3304.86,3320.48,0
1/27/2014 16:00:00,3328.35,3342.03,3292.64,3317.3,0
1/28/2014 16:00:00,3327.61,3351.23,3313.21,3322.17,0
1/29/2014 16:00:00,3315.22,3318.28,3248.94,3266.79,0
1/30/2014 16:00:00,3270.85,3324.48,3268.55,3291.75,0
1/31/2014 16:00:00,3282.76,3311.97,3241.65,3284.16,0
2/3/2014 16:00:00,3289.78,3293.61,3197.12,3198.47,0
2/4/2014 16:00:00,3207.4,3286,3207.29,3268.19,0
2/5/2014 16:00:00,3270.07,3272.82,3229.19,3257.19,0
2/6/2014 16:00:00,3259.07,3359.36,3256.69,3349.64,0
2/7/2014 16:00:00,3349.34,3379.15,3330.09,3365.33,0
2/10/2014 16:00:00,3358.77,3362.14,3315.27,3329.11,0
2/11/2014 16:00:00,3332.59,3395.55,3321.89,3391.98,0
2/12/2014 16:00:00,3388.11,3400.9,3343.82,3357.61,0
2/13/2014 16:00:00,3353.25,3371.71,3309.86,3369.76,0
2/14/2014 16:00:00,3371.64,3411.89,3360.13,3399.99,0
2/17/2014 16:00:00,3402.19,3406.43,3400.42,3405.04,0
2/18/2014 16:00:00,3401.44,3406.61,3337.25,3339.01,0
2/20/2014 16:00:00,3318.16,3352.72,3306.83,3337.57,0
2/21/2014 16:00:00,3336.29,3377.68,3331.37,3354.22,0
2/24/2014 16:00:00,3353.59,3388.35,3352.06,3363,0
2/25/2014 16:00:00,3362.45,3367.1,3320.88,3325.59,0
2/26/2014 16:00:00,3322.64,3333.93,3292.89,3307.9,0
2/27/2014 16:00:00,3303.91,3383.97,3300.37,3381.35,0
2/28/2014 16:00:00,3380.71,3386.24,3328.69,3353.67,0
3/3/2014 16:00:00,3347.5,3349.05,3281.74,3304.77,0
3/4/2014 16:00:00,3308.22,3361.1,3308.18,3344.44,0
3/5/2014 16:00:00,3345.33,3361.65,3332.88,3355.81,0
3/6/2014 16:00:00,3361.34,3416.92,3357.67,3392.4,0
3/7/2014 16:00:00,3392.1,3395.14,3311.29,3329.81,0
3/10/2014 16:00:00,3329.38,3330.22,3260.79,3280.2,0
3/11/2014 16:00:00,3280.47,3317.86,3257.29,3269.73,0
3/12/2014 16:00:00,3268.17,3285.65,3251.14,3282.14,0
3/13/2014 16:00:00,3286.34,3309.79,3234.73,3240.35,0
3/14/2014 16:00:00,3240.84,3249.04,3219.72,3236.13,0
3/17/2014 16:00:00,3234.49,3264.74,3233.64,3255.2,0
3/18/2014 16:00:00,3255.74,3319.32,3247.96,3315.1,0
3/19/2014 16:00:00,3316.23,3356.93,3296.19,3311.66,0
3/20/2014 16:00:00,3307.43,3396.22,3284.86,3382.71,0
3/21/2014 16:00:00,3387.58,3433.81,3379.4,3390.23,0
3/24/2014 16:00:00,3391.36,3441.57,3389.56,3427.15,0
3/25/2014 16:00:00,3430.01,3466.24,3429.72,3459.04,0
3/26/2014 16:00:00,3463.5,3491.03,3454.12,3454.91,0
3/27/2014 16:00:00,3461.72,3566.17,3460.22,3564.01,0
3/28/2014 16:00:00,3567.28,3612.01,3564.89,3577.18,0
3/31/2014 16:00:00,3575.66,3616.78,3574.57,3616.68,0
4/1/2014 16:00:00,3609.31,3640.37,3603.59,3628.3,0
4/2/2014 16:00:00,3626.48,3692.78,3620.61,3691.9,0
4/3/2014 16:00:00,3687.28,3691.31,3618.77,3643.88,0
4/4/2014 16:00:00,3646.69,3743.38,3646.69,3670.58,0
4/7/2014 16:00:00,3667.77,3745.21,3666.32,3742.87,0
4/8/2014 16:00:00,3754.67,3819.57,3731.48,3742.24,0
4/9/2014 16:00:00,3742.03,3761.26,3682.6,3746.9,0
4/10/2014 16:00:00,3744.12,3758.29,3707.78,3718.01,0
4/11/2014 16:00:00,3711.99,3740.92,3681.48,3739.12,0
4/14/2014 16:00:00,3741.62,3757.68,3726.99,3745.33,0
4/15/2014 16:00:00,3739.86,3741.35,3615.78,3661.56,0
4/16/2014 16:00:00,3668.08,3698.43,3660.4,3693.73,0
4/17/2014 16:00:00,3692.72,3742.61,3670.86,3736.69,0
4/21/2014 16:00:00,3736.72,3739.61,3708.84,3727.81,0
4/22/2014 16:00:00,3722.14,3723.03,3688.62,3713,0
4/23/2014 16:00:00,3711.37,3714.5,3678.19,3710.16,0
4/24/2014 16:00:00,3713.35,3740.27,3691.85,3735.89,0
4/25/2014 16:00:00,3729.73,3730.76,3665.57,3687.82,0
4/28/2014 16:00:00,3690.05,3701.77,3665.3,3695.22,0
4/29/2014 16:00:00,3700.14,3761.91,3700.08,3724.44,0
4/30/2014 16:00:00,3724.03,3725.83,3690.31,3715.97,0
5/1/2014 16:00:00,3716.64,3718.96,3693.56,3711.47,0
5/2/2014 16:00:00,3713.74,3790.83,3713.16,3781.23,0
5/5/2014 16:00:00,3777.86,3784.37,3744.92,3765.19,0
5/6/2014 16:00:00,3771.96,3820.69,3754.85,3804.05,0
5/7/2014 16:00:00,3802.95,3840.11,3781.46,3834.17,0
5/8/2014 16:00:00,3837.2,3861.88,3805.77,3810.36,0
5/9/2014 16:00:00,3809.68,3812.72,3786.84,3798.93,0
5/12/2014 16:00:00,3801.62,3853.6,3801.57,3853.56,0
5/13/2014 16:00:00,3857.01,3879.38,3843.11,3853.58,0
5/14/2014 16:00:00,3853.71,3882.15,3845.42,3872.87,0
5/15/2014 16:00:00,3868.59,3868.87,3799.98,3821.09,0
5/16/2014 16:00:00,3825.82,3852.76,3825.26,3850.2,0
5/19/2014 16:00:00,3848.19,3848.73,3804.01,3817.28,0
5/20/2014 16:00:00,3810.66,3829.56,3750.12,3763.99,0
5/21/2014 16:00:00,3763.67,3793.06,3763.48,3766.76,0
5/22/2014 16:00:00,3768.25,3790.02,3767.01,3787.45,0
5/23/2014 16:00:00,3785.12,3793.54,3758.41,3769.62,0
5/26/2014 16:00:00,3770.38,3780.08,3770.27,3774.58,0
5/27/2014 16:00:00,3770.42,3791.44,3718.57,3727.4,0
5/28/2014 16:00:00,3723.89,3762.93,3718.64,3755.45,0
5/29/2014 16:00:00,3758.47,3777.77,3739.34,3752.92,0
5/30/2014 16:00:00,3748.9,3749.01,3668.77,3669.15,0
6/2/2014 16:00:00,3661.12,3680.82,3652.77,3663.97,0
6/3/2014 16:00:00,3666.61,3686.77,3659.37,3683.79,0
6/4/2014 16:00:00,3685.24,3685.24,3645.69,3651.2,0
6/5/2014 16:00:00,3657.49,3694.51,3657.49,3680.48,0
6/6/2014 16:00:00,3686.32,3780.02,3686.32,3769.35,0
6/9/2014 16:00:00,3769.2,3844.36,3768.58,3834.38,0
6/10/2014 16:00:00,3830.81,3849.55,3811.48,3849.17,0
6/11/2014 16:00:00,3846.72,3864.87,3843.08,3860.96,0
6/12/2014 16:00:00,3863.65,3863.65,3823.42,3829,0
6/13/2014 16:00:00,3826.05,3845.27,3819.85,3837.95,0
6/16/2014 16:00:00,3832.05,3833.75,3814.12,3817.97,0
6/17/2014 16:00:00,3813.09,3813.09,3751.82,3768.76,0
6/18/2014 16:00:00,3773.86,3846.34,3754.07,3844.78,0
6/19/2014 16:00:00,3845.52,3856.23,3827.78,3832.95,0
6/20/2014 16:00:00,3830.89,3831.87,3813.99,3828.68,0
6/23/2014 16:00:00,3830.93,3834.09,3811.82,3829.21,0
6/24/2014 16:00:00,3827.52,3857.59,3807.02,3815.41,0
6/25/2014 16:00:00,3825,3836.96,3795.29,3805.17,0
6/26/2014 16:00:00,3804.48,3810.94,3783.97,3806.39,0
6/27/2014 16:00:00,3807.37,3810.26,3773.33,3804.76,0
6/30/2014 16:00:00,3798.1,3802.64,3771.03,3789.45,0
7/1/2014 16:00:00,3788.44,3826.53,3788.44,3807.74,0
7/2/2014 16:00:00,3803.75,3803.77,3777.55,3787.65,0
7/3/2014 16:00:00,3779.17,3834.91,3774.85,3834.56,0
7/4/2014 16:00:00,3830.14,3830.31,3824,3824.72,0
7/7/2014 16:00:00,3824.01,3828.41,3804.75,3819.58,0
7/8/2014 16:00:00,3822.36,3832.05,3805.11,3813.66,0
7/9/2014 16:00:00,3825.85,3871.38,3825.85,3870.32,0
7/10/2014 16:00:00,3860.32,3879.13,3832.73,3876.21,0
7/11/2014 16:00:00,3872.82,3896.24,3859.29,3888.67,0
7/14/2014 16:00:00,3888.08,3957.24,3887.87,3950.73,0
7/15/2014 16:00:00,3949.94,3966.71,3930.09,3961.94,0
7/16/2014 16:00:00,3960.8,3980.38,3940.82,3954.93,0
7/17/2014 16:00:00,3950.5,3951.72,3892.43,3903.32,0
7/18/2014 16:00:00,3910.03,4018.18,3910.03,4005.16,0
7/21/2014 16:00:00,4004.04,4040.01,3985.28,4034.18,0
7/22/2014 16:00:00,4040.49,4069.14,4039.19,4065.76,0
7/23/2014 16:00:00,4066.07,4066.38,4015.04,4032.24,0
7/24/2014 16:00:00,4030.5,4060.72,4027.08,4059.68,0
7/25/2014 16:00:00,4055.55,4058.38,4030.09,4042.26,0
7/28/2014 16:00:00,4039.95,4045,4018.44,4039.2,0
7/29/2014 16:00:00,4036.51,4045.4,3993.45,3995.83,0
7/30/2014 16:00:00,3991.61,3995.21,3935.79,3955.5,0
7/31/2014 16:00:00,3943.46,3943.68,3852.24,3870.8,0
8/1/2014 16:00:00,3873.03,3897.83,3840.79,3885.81,0
8/4/2014 16:00:00,3887.05,3933.86,3871.98,3933.33,0
8/5/2014 16:00:00,3923.93,3926.89,3871.82,3885.11,0
8/6/2014 16:00:00,3884.85,3915.09,3865.87,3907.88,0
8/7/2014 16:00:00,3906.66,3924.91,3843.38,3856.65,0
8/8/2014 16:00:00,3859.98,3860.05,3815.86,3847.58,0
8/11/2014 16:00:00,3854.21,3930.88,3853.87,3930.26,0
8/12/2014 16:00:00,3929.06,3936.07,3909.72,3925.17,0
8/13/2014 16:00:00,3931.63,3951.29,3869.12,3888.45,0
8/14/2014 16:00:00,3893.14,3919.84,3890.41,3907.66,0
8/15/2014 16:00:00,3913.64,3955.37,3905.25,3954.5,0
8/18/2014 16:00:00,3958.33,3998.52,3958.33,3997.2,0
8/19/2014 16:00:00,3996.38,4042.91,3989.85,4034.5,0
8/20/2014 16:00:00,4029.67,4051.52,4015.64,4047.39,0
8/21/2014 16:00:00,4050.91,4062.97,4041.99,4055.75,0
8/22/2014 16:00:00,4054.69,4055.28,3995.28,4012.69,0
8/25/2014 16:00:00,4014.43,4064.06,4014.23,4058.35,0
8/26/2014 16:00:00,4066.25,4100.2,4066.22,4090.97,0
8/27/2014 16:00:00,4095.14,4163.99,4095.14,4158.29,0
8/28/2014 16:00:00,4155.86,4156.37,4106.27,4137.35,0
8/29/2014 16:00:00,4133.42,4205.41,4133.25,4202.94,0
9/1/2014 16:00:00,4200.99,4212.08,4191.79,4194.16,0
9/2/2014 16:00:00,4187.53,4246.04,4161.61,4240.88,0
9/3/2014 16:00:00,4247.58,4280.42,4234.64,4255.12,0
9/4/2014 16:00:00,4259.84,4263.65,4194.04,4202.18,0
9/5/2014 16:00:00,4209.57,4226.38,4186.05,4215.62,0
9/8/2014 16:00:00,4211.24,4233.72,4120.48,4125.79,0
9/9/2014 16:00:00,4116.97,4117.09,4038.17,4053.36,0
9/10/2014 16:00:00,4046.29,4047.04,3992.65,4028.92,0
9/11/2014 16:00:00,4025.46,4048.75,4017.1,4017.55,0
9/12/2014 16:00:00,4014.1,4017.04,3894.16,3915.51,0
9/15/2014 16:00:00,3916.71,3960.79,3912.14,3955.07,0
9/16/2014 16:00:00,3959.75,4096.52,3958.06,4039.45,0
9/17/2014 16:00:00,4036.14,4064.07,4003.71,4005.1,0
9/18/2014 16:00:00,4002.4,4011.59,3965.32,3978.79,0
9/19/2014 16:00:00,3986.16,3987.86,3916.35,3929.75,0
9/22/2014 16:00:00,3922.57,3925.33,3817.57,3848.81,0
9/23/2014 16:00:00,3852.42,3871.09,3790.63,3812.02,0
9/24/2014 16:00:00,3816.45,3854.71,3783.71,3843.33,0
9/25/2014 16:00:00,3832.71,3835.79,3746.59,3752.21,0
9/26/2014 16:00:00,3755.34,3826.39,3745.51,3809.98,0
9/29/2014 16:00:00,3794.9,3795.75,3647.56,3660.72,0
9/30/2014 16:00:00,3661.72,3665.77,3600.73,3646.3,0
10/1/2014 16:00:00,3647.4,3647.87,3531.49,3538.59,0
10/2/2014 16:00:00,3544.34,3594.53,3500.23,3568.1,0
10/3/2014 16:00:00,3565.56,3616.68,3551.19,3615.65,0
10/6/2014 16:00:00,3639.05,3821.34,3635.39,3770.32,0
10/7/2014 16:00:00,3775.13,3842.43,3772.04,3792.43,0
10/8/2014 16:00:00,3798.44,3827.6,3714.37,3808.64,0
10/9/2014 16:00:00,3808.75,3838.03,3783.92,3792.65,0
10/10/2014 16:00:00,3781.12,3785.99,3659.08,3660.05,0
10/13/2014 16:00:00,3671.41,3850.15,3670.03,3789.19,0
10/14/2014 16:00:00,3791.22,3838.1,3755.08,3795.21,0
10/15/2014 16:00:00,3790.73,3792.79,3580.46,3658.8,0
10/16/2014 16:00:00,3644.07,3644.3,3544.14,3569.6,0
10/17/2014 16:00:00,3576.83,3671.23,3576.25,3653.84,0
10/20/2014 16:00:00,3651.47,3652.05,3570.78,3578,0
10/21/2014 16:00:00,3575.63,3576.55,3493.18,3512.11,0
10/22/2014 16:00:00,3511.68,3538.88,3470.89,3482.31,0
10/23/2014 16:00:00,3485.75,3486.17,3390.99,3411.63,0
10/24/2014 16:00:00,3413.96,3532.35,3412.18,3488.26,0
10/27/2014 16:00:00,3472.24,3473.76,3330.92,3396.57,0
10/28/2014 16:00:00,3403.59,3510.77,3402.95,3506.97,0
10/29/2014 16:00:00,3508.52,3535.83,3456.06,3476.62,0
10/30/2014 16:00:00,3484.85,3595.11,3484.85,3585.26,0
10/31/2014 16:00:00,3583.08,3621.28,3566.11,3621.19,0
11/3/2014 16:00:00,3620.11,3620.92,3541.35,3568.79,0
11/4/2014 16:00:00,3564.23,3588.69,3540.47,3578.58,0
11/5/2014 16:00:00,3565.09,3565.53,3537.03,3554.26,0
11/6/2014 16:00:00,3551.77,3551.87,3457.29,3457.98,0
11/7/2014 16:00:00,3457.79,3502.11,3455.65,3499.06,0
11/10/2014 16:00:00,3501.28,3516.74,3461.69,3468.29,0
11/11/2014 16:00:00,3464.81,3468.88,3430.66,3457.47,0
11/12/2014 16:00:00,3456.01,3502.86,3446.02,3454.43,0
11/13/2014 16:00:00,3454.75,3456.72,3383.15,3397.58,0
11/14/2014 16:00:00,3391.88,3391.88,3340.08,3378.87,0
11/17/2014 16:00:00,3373.94,3390.63,3344.13,3352,0
11/18/2014 16:00:00,3357.76,3414.59,3354.12,3411.78,0
11/19/2014 16:00:00,3406.86,3484.51,3406.85,3481.92,0
11/20/2014 16:00:00,3483.09,3523.77,3461.2,3488.26,0
11/21/2014 16:00:00,3497.16,3668.96,3497.16,3664.1,0
11/24/2014 16:00:00,3660.41,3672.33,3591.84,3596.35,0
11/25/2014 16:00:00,3597.36,3643.95,3591.26,3601.16,0
11/26/2014 16:00:00,3599.94,3632.02,3598,3613.56,0
11/27/2014 16:00:00,3612.56,3624.84,3602.1,3606.58,0
11/28/2014 16:00:00,3601.39,3605.01,3501.74,3507.66,0
12/1/2014 16:00:00,3503.21,3504.07,3385.98,3394.87,0
12/2/2014 16:00:00,3393.17,3398.22,3334.04,3339.51,0
12/3/2014 16:00:00,3337.78,3391.67,3337.76,3373.64,0
12/4/2014 16:00:00,3370.81,3374.04,3309.74,3316.76,0
12/5/2014 16:00:00,3316.39,3338.25,3292.67,3323.6,0
12/8/2014 16:00:00,3320.93,3327.68,3225.76,3244.78,0
12/9/2014 16:00:00,3241.46,3244.99,3203.34,3227.68,0
12/10/2014 16:00:00,3224.39,3228.5,3132.06,3133.36,0
12/11/2014 16:00:00,3137.34,3138.65,3097.01,3106.01,0
12/12/2014 16:00:00,3100.68,3103.67,3041.85,3042.44,0
12/15/2014 16:00:00,3040.21,3043.82,2915.95,2933.24,0
12/16/2014 16:00:00,2922.52,2945.87,2860.23,2907.48,0
12/17/2014 16:00:00,2905.02,3084.14,2905.02,3035.74,0
12/18/2014 16:00:00,3046.93,3131.47,3046.79,3106.03,0
12/19/2014 16:00:00,3105.73,3151.87,3105.44,3131.45,0
12/22/2014 16:00:00,3133.82,3164.02,3130.75,3163.02,0
12/23/2014 16:00:00,3163.06,3167.43,3130.33,3161.8,0
12/24/2014 16:00:00,3163.26,3168.7,3144.81,3166.31,0
12/26/2014 16:00:00,3166.99,3187.64,3153.17,3157.38,0
12/29/2014 16:00:00,3156.49,3187.2,3149.72,3163.27,0
12/30/2014 16:00:00,3169.64,3197.34,3163.05,3172.15,0
12/31/2014 16:00:00,3168.53,3177.66,3148.48,3169.96,0
1/2/2015 16:00:00,3161.15,3161.22,3059.39,3073.68,0
1/5/2015 16:00:00,3068.73,3068.73,2977.05,2988.39,0
1/6/2015 16:00:00,2986.8,3039.32,2986.59,3028.13,0
1/7/2015 16:00:00,3037.05,3114.3,3036.79,3100.96,0
1/8/2015 16:00:00,3103.56,3163.6,3097.39,3147.61,0
1/9/2015 16:00:00,3148,3153.99,3125.51,3143.74,0
1/12/2015 16:00:00,3139.36,3139.96,3069.22,3078.4,0
1/13/2015 16:00:00,3079.96,3136.48,3071.58,3088.11,0
1/14/2015 16:00:00,3087.32,3103.53,3063.3,3095.11,0
1/15/2015 16:00:00,3092.69,3130.58,3057.11,3057.9,0
1/16/2015 16:00:00,3063.13,3130.93,3062.77,3128.03,0
1/19/2015 16:00:00,3125.08,3125.59,3104.37,3108.18,0
1/20/2015 16:00:00,3108.06,3125.35,3072.48,3100.8,0
1/21/2015 16:00:00,3104.69,3175.12,3104.59,3171.81,0
1/22/2015 16:00:00,3178.57,3245.32,3178.38,3236.29,0
1/23/2015 16:00:00,3235.1,3235.12,3176.36,3179.58,0
1/26/2015 16:00:00,3178.23,3182.9,3141.71,3173.94,0
1/27/2015 16:00:00,3173.86,3191.93,3129.23,3186.65,0
1/28/2015 16:00:00,3186.96,3187.38,3110.97,3113.77,0
1/29/2015 16:00:00,3105.46,3114.38,3070.08,3097,0
1/30/2015 16:00:00,3085.72,3086.29,2982.05,2986.89,0
2/2/2015 16:00:00,2992.73,3018.96,2982.33,3018.6,0
2/3/2015 16:00:00,3030.93,3114.56,3029.72,3111.61,0
2/4/2015 16:00:00,3110.34,3116.22,3061.2,3087.23,0
2/5/2015 16:00:00,3094.23,3128.3,3080.62,3117.5,0
2/6/2015 16:00:00,3118.69,3118.8,3062.3,3070.76,0
2/9/2015 16:00:00,3074.75,3116.38,3061.29,3110.87,0
2/10/2015 16:00:00,3103.06,3111.34,3032.66,3036.14,0
2/11/2015 16:00:00,3030.98,3034.3,2937.88,2963.63,0
2/12/2015 16:00:00,2968.53,3075.05,2968.41,3072.68,0
2/13/2015 16:00:00,3063.49,3119.33,3062.69,3116.27,0
2/16/2015 16:00:00,3118.76,3119.47,3109.14,3112.08,0
2/17/2015 16:00:00,3119.6,3129.34,3085.1,3127.96,0
2/18/2015 16:00:00,3124.73,3141.7,3104.24,3122.71,0
2/19/2015 16:00:00,3118.56,3118.57,3076.26,3090.79,0
2/20/2015 16:00:00,3094.17,3099.06,3059.14,3096.09,0
2/23/2015 16:00:00,3089.84,3097.94,3070.77,3089.28,0
2/24/2015 16:00:00,3090.65,3152.47,3071.83,3148.99,0
2/25/2015 16:00:00,3148.61,3148.9,3088.68,3115.51,0
2/26/2015 16:00:00,3124.46,3125.88,3087.22,3114.92,0
2/27/2015 16:00:00,3111.79,3167.62,3111.79,3136.15,0
3/2/2015 16:00:00,3130.32,3131.8,3056.55,3070,0
3/3/2015 16:00:00,3066.85,3080.93,3059.01,3061.93,0
3/4/2015 16:00:00,3056.78,3057.45,2979.87,3005.31,0
3/5/2015 16:00:00,3000.96,3006.92,2965.25,2973.64,0
3/6/2015 16:00:00,2975.8,2976.09,2893.46,2897.01,0
3/9/2015 16:00:00,2890.98,2893.19,2832.9,2833.09,0
3/10/2015 16:00:00,2823.81,2832.04,2792.79,2796.1,0
3/11/2015 16:00:00,2794.96,2824.06,2784.94,2821.27,0
3/12/2015 16:00:00,2829.47,2863.04,2814.19,2830.75,0
3/13/2015 16:00:00,2822.74,2824.92,2737.63,2770.66,0
3/16/2015 16:00:00,2773.5,2801.85,2770.69,2784.63,0
3/17/2015 16:00:00,2784.88,2828.44,2764.87,2825.84,0
3/18/2015 16:00:00,2825.86,2927.11,2804.52,2922.21,0
3/19/2015 16:00:00,2897.59,2900.55,2826.09,2841.4,0
3/20/2015 16:00:00,2849.47,2936.15,2846.91,2912.88,0
3/23/2015 16:00:00,2921.08,2958.47,2918.67,2954.94,0
3/24/2015 16:00:00,2962.81,2975.36,2941.63,2955.63,0
3/25/2015 16:00:00,2955.56,2982.89,2916.42,2918.29,0
3/26/2015 16:00:00,2921.89,2922.02,2859.38,2862.24,0
3/27/2015 16:00:00,2860.04,2863.17,2831.55,2843.04,0
3/30/2015 16:00:00,2837.34,2889.52,2835.66,2883.56,0
4/1/2015 16:00:00,2906.33,2983.79,2904.05,2971.86,0
4/2/2015 16:00:00,2977.2,3034.25,2971.3,3027.03,0
4/6/2015 16:00:00,3045.39,3099.53,3044.09,3074.75,0
4/7/2015 16:00:00,3068.99,3085.26,3061.2,3067.25,0
4/8/2015 16:00:00,3077.01,3132.76,3075.02,3101.67,0
4/9/2015 16:00:00,3105.2,3108.62,3077.07,3082.81,0
4/10/2015 16:00:00,3072.8,3086.53,3068.97,3084.39,0
4/13/2015 16:00:00,3075.57,3096,3047.04,3049.22,0
4/14/2015 16:00:00,3053.33,3093.15,3053.16,3086.94,0
4/15/2015 16:00:00,3077.3,3140.5,3077.3,3137.6,0
4/16/2015 16:00:00,3141.02,3160.49,3116.55,3159.01,0
4/17/2015 16:00:00,3158.5,3160.22,3086.4,3099.77,0
4/20/2015 16:00:00,3096.46,3103.87,3080.4,3083.4,0
4/21/2015 16:00:00,3085.59,3104.33,3081.13,3087.78,0
4/22/2015 16:00:00,3091.32,3129.27,3087.44,3122.88,0
4/23/2015 16:00:00,3123.41,3185.49,3098.33,3184.18,0
4/24/2015 16:00:00,3185.27,3238.47,3184.02,3236.95,0
4/27/2015 16:00:00,3238.18,3260.92,3228.24,3229.39,0
4/28/2015 16:00:00,3238.62,3258.18,3223.72,3228.99,0
4/29/2015 16:00:00,3230.6,3230.6,3187.95,3201.63,0
4/30/2015 16:00:00,3202.61,3202.61,3142.14,3172.07,0
5/1/2015 16:00:00,3170.5,3177.43,3151.99,3167.77,0
5/4/2015 16:00:00,3161.54,3173.05,3158.21,3168.16,0
5/5/2015 16:00:00,3171.42,3229.54,3170.67,3199.05,0
5/6/2015 16:00:00,3208.34,3228.64,3163.82,3174.54,0
5/7/2015 16:00:00,3176.81,3186.28,3153.47,3183.93,0
5/8/2015 16:00:00,3185.06,3236.45,3184.86,3234.94,0
5/11/2015 16:00:00,3230.75,3236.97,3185.04,3189.01,0
5/12/2015 16:00:00,3185.07,3207.41,3175.09,3184.57,0
5/13/2015 16:00:00,3192.23,3205.78,3157.23,3162.72,0
5/14/2015 16:00:00,3170.39,3222.28,3168.02,3214.92,0
5/15/2015 16:00:00,3208.84,3248.64,3192.45,3242.38,0
5/18/2015 16:00:00,3238.44,3240.97,3171.44,3183.83,0
5/19/2015 16:00:00,3183.03,3183.06,3133.05,3137.11,0
5/20/2015 16:00:00,3139.36,3153.62,3119.93,3135.47,0
5/21/2015 16:00:00,3129.96,3130.68,3091.71,3102.61,0
5/22/2015 16:00:00,3102.17,3102.17,3042.47,3048.03,0
5/25/2015 16:00:00,3043.83,3051.84,3039.8,3049.18,0
5/26/2015 16:00:00,3043.03,3043.26,2977.52,2980.51,0
5/27/2015 16:00:00,2973.82,3006.06,2949.95,3005,0
5/28/2015 16:00:00,2997.71,3000.9,2953.65,2992.82,0
5/29/2015 16:00:00,2992.45,2995.94,2936.51,2937.99,0
6/1/2015 16:00:00,2935.08,2955.09,2931.35,2944.7,0
6/2/2015 16:00:00,2948.59,3012.37,2945.91,3004.44,0
6/3/2015 16:00:00,3002.92,3004.28,2962.72,2966.99,0
6/4/2015 16:00:00,2965.49,2965.9,2931.98,2939.41,0
6/5/2015 16:00:00,2942.57,2942.59,2895.55,2920.39,0
6/8/2015 16:00:00,2925.07,2946.5,2924.97,2937.63,0
6/9/2015 16:00:00,2942.68,2960,2934.04,2936.88,0
6/10/2015 16:00:00,2949.97,3008.43,2949.61,2978.61,0
6/11/2015 16:00:00,2967.58,2986.71,2948.66,2986.68,0
6/12/2015 16:00:00,2980.18,2981.94,2951.14,2968.06,0
6/15/2015 16:00:00,2963.44,2967.51,2930.51,2943.04,0
6/16/2015 16:00:00,2943.83,3001.81,2943.43,2992.16,0
6/17/2015 16:00:00,2990.19,3011.89,2959.73,3003.41,0
6/18/2015 16:00:00,3009.05,3043.2,3008.75,3035.71,0
6/19/2015 16:00:00,3039.4,3041.22,2986.94,2992.65,0
6/22/2015 16:00:00,2996.63,3032.78,2996.17,3021.33,0
6/23/2015 16:00:00,3015.39,3031.57,3012.52,3025.05,0
6/24/2015 16:00:00,3027.16,3030.86,2994.76,3000.93,0
6/25/2015 16:00:00,3002.41,3005.41,2963.94,2966.52,0
6/26/2015 16:00:00,2960.39,2994.34,2959.94,2990.59,0
6/29/2015 16:00:00,2982.65,2982.65,2925.25,2931.83,0
6/30/2015 16:00:00,2935.97,2963.68,2931.52,2951.32,0
7/1/2015 16:00:00,2947.71,2957.91,2907.53,2908.42,0
7/2/2015 16:00:00,2904.48,2962.56,2904.48,2958.18,0
7/3/2015 16:00:00,2953.21,2954.83,2938.72,2940.57,0
7/6/2015 16:00:00,2933.8,2936.15,2870.31,2886.25,0
7/7/2015 16:00:00,2876.88,2878.52,2806.74,2875.58,0
7/8/2015 16:00:00,2872.51,2874.03,2812.83,2813.85,0
7/9/2015 16:00:00,2820.94,2865.43,2820.94,2836.48,0
7/10/2015 16:00:00,2847.88,2906.14,2847.8,2903.26,0
7/13/2015 16:00:00,2901.18,2942.56,2900.83,2940.97,0
7/14/2015 16:00:00,2941.65,2958.67,2920.84,2949.12,0
7/15/2015 16:00:00,2949.22,2949.22,2914.6,2924.49,0
7/16/2015 16:00:00,2922.64,2938.25,2910.72,2919.29,0
7/17/2015 16:00:00,2919.14,2919.77,2867.03,2876.05,0
7/20/2015 16:00:00,2876.79,2876.97,2837.33,2851.34,0
7/21/2015 16:00:00,2856,2868.47,2848.68,2852.45,0
7/22/2015 16:00:00,2846.63,2847.32,2777.47,2784.08,0
7/23/2015 16:00:00,2780.2,2780.2,2709.79,2717.14,0
7/24/2015 16:00:00,2708.77,2710.35,2642.05,2657,0
7/27/2015 16:00:00,2649.93,2652.76,2614.06,2617.47,0
7/28/2015 16:00:00,2621.54,2658.49,2598.06,2654.52,0
7/29/2015 16:00:00,2657.47,2702.2,2652.35,2692.7,0
7/30/2015 16:00:00,2679.38,2684.75,2633.58,2656.32,0
7/31/2015 16:00:00,2659.96,2694.8,2659.96,2688.84,0
8/3/2015 16:00:00,2683.68,2685.95,2650.82,2658.82,0
8/4/2015 16:00:00,2663.85,2668.68,2636.42,2655.74,0
8/5/2015 16:00:00,2658.17,2670.27,2626.51,2632.36,0
8/6/2015 16:00:00,2627.52,2629.1,2604.73,2616.27,0
8/7/2015 16:00:00,2618.43,2620.81,2588.21,2593.17,0
8/10/2015 16:00:00,2590.06,2657.98,2587.94,2656.55,0
8/11/2015 16:00:00,2646.25,2646.83,2565.8,2584.67,0
8/12/2015 16:00:00,2592.07,2592.83,2539.29,2567.22,0
8/13/2015 16:00:00,2566.78,2569.47,2513.75,2516.13,0
8/14/2015 16:00:00,2519.77,2531.7,2511.45,2512.7,0
8/17/2015 16:00:00,2506.29,2524.4,2494.91,2504.15,0
8/18/2015 16:00:00,2501.69,2534.43,2473.27,2515.13,0
8/19/2015 16:00:00,2513.38,2515.99,2442.35,2459.1,0
8/20/2015 16:00:00,2453.24,2458.09,2427.75,2450.13,0
8/21/2015 16:00:00,2441.29,2441.68,2372.7,2373.36,0
8/24/2015 16:00:00,2360.42,2361.33,2200.75,2288.66,0
8/25/2015 16:00:00,2301.69,2362.9,2284.07,2287.04,0
8/26/2015 16:00:00,2294.76,2352.26,2279.16,2349.72,0
8/27/2015 16:00:00,2356.06,2467.93,2352.31,2460,0
8/28/2015 16:00:00,2457.07,2473.75,2427.31,2439.48,0
8/31/2015 16:00:00,2427.01,2427.47,2345.88,2420.36,0
9/1/2015 16:00:00,2411.86,2412.25,2326.77,2334.61,0
9/2/2015 16:00:00,2339.74,2357.2,2314.87,2349.8,0
9/3/2015 16:00:00,2341.45,2392.97,2340.39,2383.19,0
9/4/2015 16:00:00,2380.26,2382.6,2301.26,2307.88,0
9/7/2015 16:00:00,2308.13,2308.29,2299.73,2302.77,0
9/8/2015 16:00:00,2314.16,2361.23,2313.99,2338.28,0
9/9/2015 16:00:00,2341.79,2389.89,2324.35,2327.01,0
9/10/2015 16:00:00,2316.32,2329.25,2273.72,2312,0
9/11/2015 16:00:00,2316.71,2316.92,2288.7,2292.38,0
9/14/2015 16:00:00,2293.83,2336.01,2281.8,2335.92,0
9/15/2015 16:00:00,2335.26,2348.14,2318.21,2347.54,0
9/16/2015 16:00:00,2351.36,2401.08,2351.36,2400.84,0
9/17/2015 16:00:00,2397.94,2443.64,2376.47,2397.47,0
9/18/2015 16:00:00,2404.89,2405.39,2321.54,2327.3,0
9/21/2015 16:00:00,2328.31,2332.77,2297.61,2307.58,0
9/22/2015 16:00:00,2296.16,2296.58,2230,2256.32,0
9/23/2015 16:00:00,2257.78,2258.31,2185.29,2186.15,0
9/24/2015 16:00:00,2176.81,2230.86,2126.2,2229.53,0
9/25/2015 16:00:00,2235.47,2249.67,2203.03,2210.56,0
9/29/2015 16:00:00,2142.84,2175.55,2133.28,2163.75,0
9/30/2015 16:00:00,2170.26,2231.34,2168.61,2230.32,0
10/1/2015 16:00:00,2230.76,2248.46,2208.94,2231.81,0
10/2/2015 16:00:00,2234.95,2298.17,2198.31,2298.02,0
10/5/2015 16:00:00,2306.32,2357.28,2301.94,2355.92,0
10/6/2015 16:00:00,2352.77,2393.2,2351.24,2378.43,0
10/7/2015 16:00:00,2385.33,2454.76,2380.28,2405.79,0
10/8/2015 16:00:00,2407.17,2446.42,2398.33,2444.45,0
10/9/2015 16:00:00,2453.36,2488.66,2447.42,2468.37,0
10/12/2015 16:00:00,2480.6,2480.6,2443.68,2443.68,0
10/13/2015 16:00:00,2433.6,2435.29,2359.43,2360.99,0
10/14/2015 16:00:00,2366.87,2390.09,2355.82,2368.79,0
10/15/2015 16:00:00,2377.1,2397.63,2346.3,2396.19,0
10/16/2015 16:00:00,2390.32,2402.66,2363.09,2386.3,0
10/20/2015 16:00:00,2378.59,2379.81,2339.27,2355.86,0
10/21/2015 16:00:00,2349.1,2349.75,2322.85,2329.98,0
10/22/2015 16:00:00,2332.25,2388.29,2332.06,2380.46,0
10/23/2015 16:00:00,2386.18,2415.53,2380.25,2394.36,0
10/26/2015 16:00:00,2398.51,2408.2,2366.63,2372.53,0
10/27/2015 16:00:00,2370.46,2373.54,2349.72,2361.2,0
10/28/2015 16:00:00,2362.1,2401.19,2338.19,2354.4,0
10/29/2015 16:00:00,2348.15,2355.5,2334.32,2339.52,0
10/30/2015 16:00:00,2342.45,2346.9,2323.59,2339.09,0
11/2/2015 16:00:00,2338.23,2361.98,2337.53,2361.11,0
11/3/2015 16:00:00,2359.68,2446.49,2359.39,2443.23,0
11/4/2015 16:00:00,2444.43,2458.45,2396.9,2407.47,0
11/5/2015 16:00:00,2404.86,2421.29,2392.06,2407.18,0
11/6/2015 16:00:00,2405.28,2405.42,2338.17,2379.63,0
11/9/2015 16:00:00,2377.88,2377.91,2316.38,2327.32,0
11/10/2015 16:00:00,2322.64,2349.46,2298.43,2339.71,0
11/11/2015 16:00:00,2341.69,2373.17,2339.52,2358.89,0
11/12/2015 16:00:00,2355.48,2356.25,2318.43,2327.69,0
11/13/2015 16:00:00,2323.84,2327.99,2287.68,2291,0
11/16/2015 16:00:00,2290.26,2308.17,2279.32,2305.98,0
11/17/2015 16:00:00,2305.4,2336.78,2305.36,2326.9,0
11/18/2015 16:00:00,2328.3,2369.17,2325.8,2368.74,0
11/19/2015 16:00:00,2373.9,2404.4,2373.69,2403.13,0
11/20/2015 16:00:00,2404.68,2440.17,2403.9,2426.91,0
11/23/2015 16:00:00,2423.94,2430.02,2391.54,2394.04,0
11/24/2015 16:00:00,2397.18,2414.25,2382.58,2402.56,0
11/25/2015 16:00:00,2399.19,2399.41,2336.8,2341.2,0
11/26/2015 16:00:00,2338.59,2347.77,2337.47,2345.87,0
11/27/2015 16:00:00,2344.1,2351.24,2293.57,2300.36,0
11/30/2015 16:00:00,2300.17,2303.11,2246.58,2247.45,0
12/1/2015 16:00:00,2250.2,2273.86,2248.93,2270.95,0
12/2/2015 16:00:00,2271.54,2275.83,2239.6,2257.99,0
12/3/2015 16:00:00,2256.89,2304.9,2256.84,2287.87,0
12/4/2015 16:00:00,2287.29,2287.54,2256.18,2275.83,0
12/7/2015 16:00:00,2271.3,2282.22,2236.12,2236.4,0
12/8/2015 16:00:00,2233.64,2235.11,2183.7,2206.86,0
12/9/2015 16:00:00,2212.45,2280.16,2212.35,2252.57,0
12/10/2015 16:00:00,2250.88,2252.31,2201.13,2202.92,0
12/11/2015 16:00:00,2194.19,2197.15,2156.71,2157.07,0
12/14/2015 16:00:00,2154.92,2156.44,2123.92,2143.92,0
12/15/2015 16:00:00,2147.95,2192.06,2146.1,2184.33,0
12/16/2015 16:00:00,2177.95,2227.05,2157.86,2224.4,0
12/17/2015 16:00:00,2223.62,2245.98,2206.28,2206.8,0
12/18/2015 16:00:00,2205.73,2206.81,2137.67,2138.6,0
12/21/2015 16:00:00,2139.34,2158.7,2119.7,2123.33,0
12/22/2015 16:00:00,2128.85,2145.66,2124.28,2138.02,0
12/23/2015 16:00:00,2140.25,2180.98,2139.49,2178.39,0
12/24/2015 16:00:00,2176.61,2186.8,2170.79,2174.06,0
12/28/2015 16:00:00,2170.32,2182.03,2162.09,2175.63,0
12/29/2015 16:00:00,2177.11,2197.91,2170.37,2176.39,0
12/30/2015 16:00:00,2172.83,2174.93,2122.14,2123.03,0
12/31/2015 16:00:00,2121.71,2135.65,2116.32,2127.53,0
1/4/2016 16:00:00,2115.3,2115.63,2054.54,2063.87,0
1/5/2016 16:00:00,2066.17,2075.06,2056.89,2074.31,0
1/6/2016 16:00:00,2066.6,2066.64,2029.14,2031.08,0
1/7/2016 16:00:00,2022.21,2022.27,1948.91,1951.48,0
1/8/2016 16:00:00,1951.4,1988.14,1933.61,1934.17,0
1/11/2016 16:00:00,1938.7,1963.75,1916.43,1927.32,0
1/12/2016 16:00:00,1932.05,1953.49,1912.42,1933.62,0
1/13/2016 16:00:00,1938.69,1961.33,1901.7,1910.8,0
1/14/2016 16:00:00,1909.5,1953.3,1896.76,1950.76,0
1/15/2016 16:00:00,1942.6,1942.92,1852.63,1878.36,0
1/18/2016 16:00:00,1884.38,1885.27,1872.49,1876.94,0
1/19/2016 16:00:00,1885.15,1896.7,1855.7,1869.61,0
1/20/2016 16:00:00,1862.5,1863.11,1794,1844.99,0
1/21/2016 16:00:00,1837.3,1855.04,1818.83,1820.52,0
1/22/2016 16:00:00,1835.66,1889.68,1835.63,1886.14,0
1/25/2016 16:00:00,1885.38,1886.6,1853.54,1855.64,0
1/26/2016 16:00:00,1858.53,1890.73,1851.24,1889.57,0
1/27/2016 16:00:00,1888.79,1929.74,1886.47,1908.37,0
1/28/2016 16:00:00,1913.8,1949.67,1910.35,1936.34,0
1/29/2016 16:00:00,1937.46,2040.65,1937.44,2038.89,0
2/1/2016 16:00:00,2034.79,2042.32,1998.34,2038.69,0
2/2/2016 16:00:00,2031.87,2032.74,1942.13,1943.93,0
2/3/2016 16:00:00,1949.43,2017.41,1942.17,2015.83,0
2/4/2016 16:00:00,2021.69,2102.26,2019.11,2067.97,0
2/5/2016 16:00:00,2067.05,2073.31,2024.45,2027.14,0
2/8/2016 16:00:00,2023.67,2023.77,1973.8,1986.27,0
2/9/2016 16:00:00,1982.14,1982.23,1940.2,1955.75,0
2/10/2016 16:00:00,1962.28,1988.03,1955.97,1968.61,0
2/11/2016 16:00:00,1956.04,1957.04,1889.84,1914.07,0
2/12/2016 16:00:00,1919.88,1959.08,1917.07,1958.17,0
2/15/2016 16:00:00,1962.24,1983.18,1962.1,1981.03,0
2/16/2016 16:00:00,1982.77,1992.77,1970.27,1977.12,0
2/17/2016 16:00:00,1985.89,2073.71,1984.52,2051.71,0
2/18/2016 16:00:00,2057.41,2063.67,2020.07,2027.95,0
2/19/2016 16:00:00,2025.22,2034.15,2004.47,2028.39,0
2/22/2016 16:00:00,2034.07,2107.59,2034,2103.48,0
2/23/2016 16:00:00,2103.62,2106.2,2056.83,2064.32,0
2/24/2016 16:00:00,2056.32,2060.1,1995.96,2055.71,0
2/25/2016 16:00:00,2058.74,2069.55,2040.54,2062.55,0
2/26/2016 16:00:00,2063.22,2080.15,2034.76,2035.44,0
2/29/2016 16:00:00,2037.51,2087.41,2037.48,2067.74,0
3/1/2016 16:00:00,2078.26,2151.22,2075.08,2150.24,0
3/2/2016 16:00:00,2148.31,2201.3,2140.21,2198.29,0
3/3/2016 16:00:00,2199.78,2295.25,2198.01,2293.64,0
3/4/2016 16:00:00,2301.99,2407.8,2301.87,2378.98,0
3/7/2016 16:00:00,2379.24,2394.09,2350.39,2380.49,0
3/8/2016 16:00:00,2374.89,2385.61,2333.98,2350,0
3/9/2016 16:00:00,2354.73,2390.72,2354.47,2366.21,0
3/10/2016 16:00:00,2368.68,2409.54,2329.85,2400.17,0
3/11/2016 16:00:00,2401.58,2444.43,2395.79,2437.59,0
3/14/2016 16:00:00,2428.72,2433.21,2390.98,2395.32,0
3/15/2016 16:00:00,2381.17,2383.64,2285.24,2293.67,0
3/16/2016 16:00:00,2286.84,2341.24,2246.92,2339.45,0
3/17/2016 16:00:00,2352.42,2496.12,2350.11,2482.65,0
3/18/2016 16:00:00,2487.23,2509.07,2478.92,2494.21,0
3/21/2016 16:00:00,2487.18,2504.07,2478.92,2500.15,0
3/22/2016 16:00:00,2496.51,2511.34,2476.49,2501.14,0
3/23/2016 16:00:00,2496.92,2497.49,2412.7,2420.39,0
3/24/2016 16:00:00,2413.57,2417.83,2384.82,2417.13,0
3/28/2016 16:00:00,2423,2487.09,2422.92,2481.7,0
3/29/2016 16:00:00,2476.17,2509.61,2440.25,2503.1,0
3/30/2016 16:00:00,2508.1,2564.3,2507.39,2527.58,0
3/31/2016 16:00:00,2529.62,2543.28,2482.41,2495.24,0
4/1/2016 16:00:00,2490.4,2521.54,2445.69,2520.21,0
4/4/2016 16:00:00,2520.63,2520.66,2437.81,2445.64,0
4/5/2016 16:00:00,2436.71,2436.96,2394.47,2411.82,0
4/6/2016 16:00:00,2407.22,2409.36,2370.08,2394.91,0
4/7/2016 16:00:00,2386.51,2391.6,2346.03,2362.38,0
4/8/2016 16:00:00,2372.32,2455.15,2371.3,2448.47,0
4/11/2016 16:00:00,2452.6,2523.08,2452.6,2500.74,0
4/12/2016 16:00:00,2504.63,2583.3,2500.29,2580.23,0
4/13/2016 16:00:00,2573.86,2628.23,2573.86,2624.44,0
4/14/2016 16:00:00,2620.78,2632.69,2584.61,2601.63,0
4/15/2016 16:00:00,2594.02,2601.43,2579.46,2598.05,0
4/18/2016 16:00:00,2597.28,2600.31,2546.17,2565.78,0
4/19/2016 16:00:00,2579.3,2645.22,2578.55,2640.26,0
4/20/2016 16:00:00,2638.4,2650.81,2611.25,2638.76,0
4/21/2016 16:00:00,2638.12,2640.95,2599.77,2603.82,0
4/22/2016 16:00:00,2601.11,2618.71,2585.53,2595.15,0
4/25/2016 16:00:00,2591,2599.71,2553.23,2561.05,0
4/26/2016 16:00:00,2563.7,2615.24,2563.15,2614.45,0
4/27/2016 16:00:00,2613.15,2674.22,2612.73,2674.22,0
4/28/2016 16:00:00,2675.87,2701.45,2652.46,2670.57,0
4/29/2016 16:00:00,2679.47,2718.46,2662.04,2689.51,0
5/2/2016 16:00:00,2690.82,2690.95,2633.34,2641.73,0
5/3/2016 16:00:00,2625.61,2627.79,2540.15,2550.44,0
5/4/2016 16:00:00,2539.6,2558.46,2531.96,2547.69,0
5/5/2016 16:00:00,2556.59,2578.57,2503.56,2514.05,0
5/6/2016 16:00:00,2508.98,2539.27,2493.28,2535.26,0
5/9/2016 16:00:00,2527.75,2527.75,2404.5,2483.83,0
5/10/2016 16:00:00,2489.08,2581.59,2487.51,2581,0
5/11/2016 16:00:00,2581.18,2607.45,2568.29,2582.11,0
5/12/2016 16:00:00,2585.07,2601.37,2539.44,2582.72,0
5/13/2016 16:00:00,2579.22,2581.45,2491.31,2495.97,0
5/16/2016 16:00:00,2496.68,2538.4,2494.88,2510.57,0
5/17/2016 16:00:00,2508.5,2509.82,2468.75,2490.3,0
5/18/2016 16:00:00,2476.16,2480.4,2423.39,2431.38,0
5/19/2016 16:00:00,2424.19,2424.23,2370.29,2402.14,0
5/20/2016 16:00:00,2407.78,2449.56,2407.32,2416.48,0
5/23/2016 16:00:00,2407.99,2408.31,2368.25,2381.48,0
5/24/2016 16:00:00,2387.21,2417.43,2379.63,2389.62,0
5/25/2016 16:00:00,2397.81,2432.37,2392.77,2400.13,0
5/26/2016 16:00:00,2404.93,2431.69,2404.93,2412.49,0
5/27/2016 16:00:00,2407.53,2410.63,2383.89,2390.37,0
5/30/2016 16:00:00,2388.38,2391.15,2385.16,2386.36,0
5/31/2016 16:00:00,2388.81,2401.49,2338.32,2341.7,0
6/1/2016 16:00:00,2340.05,2369.51,2315.42,2368.06,0
6/2/2016 16:00:00,2364.54,2390.99,2345.95,2381.73,0
6/3/2016 16:00:00,2389.27,2441.9,2389.08,2441.7,0
6/6/2016 16:00:00,2443.26,2464.53,2437.58,2451.59,0
6/7/2016 16:00:00,2453.53,2494.43,2448.86,2490.8,0
6/8/2016 16:00:00,2508.74,2578.05,2508.59,2573.01,0
6/9/2016 16:00:00,2564.98,2566.85,2519.19,2523.87,0
6/10/2016 16:00:00,2514.48,2514.48,2427.79,2428.48,0
6/13/2016 16:00:00,2421.03,2421.59,2391.93,2401.92,0
6/14/2016 16:00:00,2396.28,2410.47,2345.1,2361.49,0
6/15/2016 16:00:00,2361.42,2412.07,2359.49,2393.3,0
6/16/2016 16:00:00,2387.01,2414.63,2343.62,2413.49,0
6/17/2016 16:00:00,2418.59,2455.19,2418.19,2438.85,0
6/20/2016 16:00:00,2452.23,2512.78,2452.23,2488.54,0
6/21/2016 16:00:00,2493.54,2504.74,2462.39,2496.67,0
6/22/2016 16:00:00,2502.67,2528.59,2497.89,2499.19,0
6/23/2016 16:00:00,2515.87,2580.43,2514.5,2577.85,0
6/24/2016 16:00:00,2546.57,2549.08,2436.68,2449.56,0
6/27/2016 16:00:00,2442.48,2446.64,2371.3,2383.36,0
6/28/2016 16:00:00,2401.3,2484.62,2400.03,2479.84,0
6/29/2016 16:00:00,2491.36,2576.79,2491.09,2570.81,0
6/30/2016 16:00:00,2569.3,2628.24,2569.12,2619.81,0
7/1/2016 16:00:00,2625.52,2639.75,2609.66,2637.12,0
7/4/2016 16:00:00,2635.03,2638.96,2625.66,2627.84,0
7/5/2016 16:00:00,2614.87,2615.27,2546.09,2558,0
7/6/2016 16:00:00,2552.03,2553.32,2495.77,2541.06,0
7/7/2016 16:00:00,2545.71,2574.04,2524.74,2529.2,0
7/8/2016 16:00:00,2543.46,2622.26,2542.93,2620.77,0
7/11/2016 16:00:00,2625.01,2653.29,2625.01,2646.88,0
7/12/2016 16:00:00,2660.85,2708.08,2660.31,2674.8,0
7/13/2016 16:00:00,2678.72,2684.39,2643.11,2682.9,0
7/14/2016 16:00:00,2693.96,2748.23,2693.43,2731.31,0
7/15/2016 16:00:00,2731.27,2733.29,2708.42,2725.75,0
7/18/2016 16:00:00,2725.16,2773.65,2715.75,2770.82,0
7/19/2016 16:00:00,2761.26,2765.76,2738.54,2763.95,0
7/20/2016 16:00:00,2762.59,2787.32,2747.5,2775.19,0
7/21/2016 16:00:00,2776.44,2785.63,2742.27,2756.38,0
7/22/2016 16:00:00,2755.78,2785.7,2750.88,2781.06,0
7/25/2016 16:00:00,2774.78,2777.91,2733.9,2742.01,0
7/26/2016 16:00:00,2741.27,2763.6,2740.11,2746.76,0
7/27/2016 16:00:00,2743.94,2776.22,2724.94,2742.11,0
7/28/2016 16:00:00,2742.22,2743.01,2699.27,2713.71,0
7/29/2016 16:00:00,2722.55,2766.71,2718.99,2760.25,0
8/1/2016 16:00:00,2754.95,2757.36,2715.25,2719.21,0
8/2/2016 16:00:00,2724.96,2747.92,2680.31,2702.41,0
8/3/2016 16:00:00,2700.3,2752.66,2677.24,2751.2,0
8/4/2016 16:00:00,2753.63,2804.16,2753.35,2794.02,0
8/5/2016 16:00:00,2798.88,2820.25,2783.95,2818.91,0
8/8/2016 16:00:00,2821.72,2846.73,2817.09,2835.63,0
8/9/2016 16:00:00,2836.62,2879.34,2836.37,2861.45,0
8/10/2016 16:00:00,2872.01,2883.45,2835.22,2846.19,0
8/11/2016 16:00:00,2847.25,2914.61,2847.25,2911.96,0
8/12/2016 16:00:00,2911.16,2930.12,2882.91,2891.24,0
8/15/2016 16:00:00,2898.38,2943.48,2897.87,2928.74,0
8/16/2016 16:00:00,2939.99,2945.6,2918.78,2919.27,0
8/17/2016 16:00:00,2910.21,2913.01,2865.52,2912.6,0
8/18/2016 16:00:00,2910.74,2921.34,2886.49,2901.8,0
8/19/2016 16:00:00,2896,2906.48,2869.29,2902.65,0
8/22/2016 16:00:00,2898.97,2900.36,2847.16,2860.73,0
8/23/2016 16:00:00,2865.91,2893.89,2831.37,2832.13,0
8/24/2016 16:00:00,2831.16,2847.29,2808.46,2826.21,0
8/25/2016 16:00:00,2827.29,2839.9,2822.74,2830.09,0
8/26/2016 16:00:00,2830.18,2882.37,2770.7,2790.67,0
8/29/2016 16:00:00,2788.29,2842.3,2786.03,2835.78,0
8/30/2016 16:00:00,2836.91,2840.86,2802.36,2823.91,0
8/31/2016 16:00:00,2821.25,2827.36,2773.15,2798.71,0
9/1/2016 16:00:00,2797.68,2809.48,2769.09,2801.47,0
9/2/2016 16:00:00,2799.02,2862.19,2799.02,2859.42,0
9/5/2016 16:00:00,2861.43,2865.37,2853.15,2854.2,0
9/6/2016 16:00:00,2854.91,2913.54,2853.63,2911.74,0
9/7/2016 16:00:00,2911.25,2914.24,2881.36,2895.7,0
9/8/2016 16:00:00,2903.59,2918.08,2874.84,2885.55,0
9/9/2016 16:00:00,2873.13,2875.39,2749.62,2751.14,0
9/12/2016 16:00:00,2742.09,2799.14,2712.34,2796.41,0
9/13/2016 16:00:00,2783.5,2783.78,2662.5,2680.37,0
9/14/2016 16:00:00,2676.69,2703.75,2661.45,2671.4,0
9/15/2016 16:00:00,2674.15,2720.02,2659.77,2710.23,0
9/16/2016 16:00:00,2709.5,2709.5,2660.49,2680.43,0
9/19/2016 16:00:00,2677.27,2720.14,2677.03,2681.43,0
9/20/2016 16:00:00,2685.89,2718.85,2684.35,2707.92,0
9/21/2016 16:00:00,2714.97,2782.19,2711.46,2776.96,0
9/22/2016 16:00:00,2785.8,2844.9,2783.66,2812.02,0
9/23/2016 16:00:00,2814.94,2817.41,2768.58,2778.2,0
9/26/2016 16:00:00,2777.55,2780.21,2742.01,2745.7,0
9/27/2016 16:00:00,2761.66,2787.57,2734.33,2785.5,0
9/28/2016 16:00:00,2781.97,2834.95,2766.24,2832.95,0
9/29/2016 16:00:00,2829.34,2842.61,2763.8,2772.21,0
9/30/2016 16:00:00,2772.79,2803.91,2772.79,2774.19,0
10/3/2016 16:00:00,2781.82,2837.04,2774.74,2836.56,0
10/4/2016 16:00:00,2831.75,2837.34,2795.31,2806.8,0
10/5/2016 16:00:00,2809.09,2863.32,2807.93,2857.38,0
10/6/2016 16:00:00,2852.28,2869.94,2839.41,2868.12,0
10/7/2016 16:00:00,2864.05,2895.32,2846.14,2879.05,0
10/10/2016 16:00:00,2897.69,2941.27,2897.26,2936.18,0
10/11/2016 16:00:00,2936.47,2938.85,2895.22,2910.59,0
10/12/2016 16:00:00,2909.97,2915.01,2889.87,2902.16,0
10/13/2016 16:00:00,2899.26,2919.99,2855.87,2915.25,0
10/14/2016 16:00:00,2915.21,2954.61,2914.01,2921.72,0
10/17/2016 16:00:00,2923.83,2956.72,2923.83,2955.27,0
10/18/2016 16:00:00,2963.5,3028.58,2962.48,3022.58,0
10/19/2016 16:00:00,3020.33,3049.72,3019.31,3040.14,0
10/20/2016 16:00:00,3039.85,3069.12,3023.61,3064.64,0
10/21/2016 16:00:00,3059.71,3078.75,3039.48,3075.32,0
10/24/2016 16:00:00,3079,3124.27,3079,3098.22,0
10/25/2016 16:00:00,3102.17,3111.64,3070.7,3100.49,0
10/26/2016 16:00:00,3093.63,3095.31,3058.03,3072.16,0
10/27/2016 16:00:00,3071.47,3107.53,3067.89,3074.23,0
10/28/2016 16:00:00,3072.97,3089.21,3024.04,3047.26,0
10/31/2016 16:00:00,3053.61,3085.56,3053.21,3074.59,0
11/1/2016 16:00:00,3072.87,3075.47,2951.17,2977.05,0
11/2/2016 16:00:00,2973.32,2973.85,2926.5,2944.21,0
11/3/2016 16:00:00,2950.46,2988.78,2915.84,2919.11,0
11/4/2016 16:00:00,2917.33,2966.47,2904.47,2924.16,0
11/7/2016 16:00:00,2939.74,3066.18,2939.67,3062.68,0
11/8/2016 16:00:00,3063.26,3128.7,3041.26,3110.02,0
11/9/2016 16:00:00,3037.23,3038.68,2958.17,2971.43,0
11/10/2016 16:00:00,2955.93,2955.93,2764,2769.6,0
11/11/2016 16:00:00,2747.45,2770.52,2627.3,2700.84,0
11/14/2016 16:00:00,2690.11,2702.5,2641.96,2689.72,0
11/15/2016 16:00:00,2694.71,2753.54,2694.71,2729.11,0
11/16/2016 16:00:00,2724.25,2742.72,2704.84,2727.89,0
11/17/2016 16:00:00,2732.84,2753.92,2689.9,2692.33,0
11/18/2016 16:00:00,2689.78,2723.14,2675.53,2692.21,0
11/21/2016 16:00:00,2702,2762.15,2701.85,2761.17,0
11/22/2016 16:00:00,2768.35,2809.91,2764.02,2789.16,0
11/23/2016 16:00:00,2782.74,2784.11,2736.39,2779.77,0
11/24/2016 16:00:00,2777.6,2782.01,2772.27,2773.16,0
11/25/2016 16:00:00,2770.64,2774.95,2740.05,2746.55,0
11/28/2016 16:00:00,2753.58,2807.9,2750.06,2794.5,0
11/29/2016 16:00:00,2791.13,2791.13,2740.66,2744.04,0
11/30/2016 16:00:00,2747.07,2812.02,2746.8,2781.5,0
12/1/2016 16:00:00,2777.68,2778.06,2676.22,2677.84,0
12/2/2016 16:00:00,2676.08,2715.54,2666.67,2700.5,0
12/5/2016 16:00:00,2703.22,2739.94,2699.77,2733.29,0
12/6/2016 16:00:00,2735.97,2780.42,2725.39,2768.09,0
12/7/2016 16:00:00,2773.69,2816.75,2773.36,2804.02,0
12/8/2016 16:00:00,2802.15,2808.69,2779.2,2801.92,0
12/9/2016 16:00:00,2797.44,2834.61,2789.69,2810.25,0
12/12/2016 16:00:00,2815.56,2822.71,2781.08,2785.88,0
12/13/2016 16:00:00,2782.02,2818.49,2771.94,2789.98,0
12/14/2016 16:00:00,2792.4,2794.36,2705.17,2708.58,0
12/15/2016 16:00:00,2699.98,2723.52,2679.44,2712.59,0
12/16/2016 16:00:00,2714.21,2720.19,2668.39,2672.76,0
12/19/2016 16:00:00,2671.81,2687.57,2637.09,2638.1,0
12/20/2016 16:00:00,2637.96,2670.55,2637.67,2665.15,0
12/21/2016 16:00:00,2666.68,2689.98,2663.21,2667.75,0
12/22/2016 16:00:00,2661.58,2665.45,2638.57,2662.79,0
12/23/2016 16:00:00,2665.62,2700.12,2662.72,2691.56,0
12/26/2016 16:00:00,2692.69,2698.93,2688.77,2693.14,0
12/27/2016 16:00:00,2692.64,2719.44,2692.46,2708.99,0
12/28/2016 16:00:00,2708.34,2751.69,2707.18,2745.13,0
12/29/2016 16:00:00,2749.82,2783.87,2747.41,2773,0
12/30/2016 16:00:00,2775.25,2777.77,2745.68,2748.31,0
1/2/2017 16:00:00,2746,2746.36,2739.08,2744.56,0
1/3/2017 16:00:00,2743.38,2836.19,2743.33,2818.58,0
1/4/2017 16:00:00,2823.38,2838.87,2812.04,2830.53,0
1/5/2017 16:00:00,2832.16,2874.16,2825.77,2865.74,0
1/6/2017 16:00:00,2867.37,2871.66,2829.23,2835.06,0
1/9/2017 16:00:00,2833.83,2852.57,2828.16,2831.84,0
1/10/2017 16:00:00,2830.4,2863.32,2824.78,2844.48,0
1/11/2017 16:00:00,2842.4,2886.91,2812.7,2885.92,0
1/12/2017 16:00:00,2901.05,2932.55,2901.05,2914.28,0
1/13/2017 16:00:00,2919.4,2921.93,2888.82,2904.16,0
1/16/2017 16:00:00,2900.1,2901.76,2883.43,2883.76,0
1/17/2017 16:00:00,2898.05,2934.5,2889.94,2923.51,0
1/18/2017 16:00:00,2917.84,2930.29,2900.64,2908.02,0
1/19/2017 16:00:00,2906.89,2927.15,2897.89,2915.24,0
1/20/2017 16:00:00,2915.61,2962.15,2915.14,2960.78,0
1/23/2017 16:00:00,2971.4,3031.29,2967.31,3030.14,0
1/24/2017 16:00:00,3033.08,3048.59,3023.08,3036.85,0
1/25/2017 16:00:00,3039.01,3075.41,3037.42,3073.78,0
1/26/2017 16:00:00,3075.07,3085.98,3038.03,3052.17,0
1/27/2017 16:00:00,3055.19,3067.83,3047.4,3061.62,0
1/30/2017 16:00:00,3063.94,3064.15,3003.81,3017.97,0
1/31/2017 16:00:00,3023.35,3038,3004.04,3008.33,0
2/1/2017 16:00:00,3017.49,3039.57,3011.51,3033.2,0
2/2/2017 16:00:00,3039.67,3051.21,3028.99,3041.22,0
2/3/2017 16:00:00,3037.84,3072.8,3034.47,3053.63,0
2/6/2017 16:00:00,3056.31,3060.15,3013.93,3019.28,0
2/7/2017 16:00:00,3013.6,3034.19,3005.21,3008.69,0
2/8/2017 16:00:00,3011.41,3050.53,2999.45,3046.22,0
2/9/2017 16:00:00,3045.05,3066.31,3043.94,3057.49,0
2/10/2017 16:00:00,3061.96,3130.34,3059.74,3118.9,0
2/13/2017 16:00:00,3119.49,3146.81,3114.5,3143.35,0
2/14/2017 16:00:00,3146.84,3159.87,3109.26,3157.17,0
2/15/2017 16:00:00,3155.63,3209.11,3151.71,3207.45,0
2/16/2017 16:00:00,3205.62,3229.39,3180.75,3183.96,0
2/17/2017 16:00:00,3182.9,3183.34,3145.35,3163.97,0
2/20/2017 16:00:00,3164.73,3177.11,3163.13,3169.38,0
2/21/2017 16:00:00,3164.09,3234.51,3163.64,3234.51,0
2/22/2017 16:00:00,3234.16,3236.53,3211.32,3232.3,0
2/23/2017 16:00:00,3228.69,3272.79,3202.62,3208.65,0
2/24/2017 16:00:00,3203.83,3205.89,3135.72,3140.19,0
2/27/2017 16:00:00,3141.79,3162.54,3141.47,3147.76,0
2/28/2017 16:00:00,3147.84,3149.21,3102.96,3105.51,0
3/1/2017 16:00:00,3109.93,3176.16,3105.91,3170.98,0
3/2/2017 16:00:00,3165.72,3165.72,3074.23,3079.75,0
3/3/2017 16:00:00,3087.3,3155.48,3086.13,3150.13,0
3/6/2017 16:00:00,3149,3154.55,3121.7,3127.42,0
3/7/2017 16:00:00,3133.46,3148.84,3113.25,3116.62,0
3/8/2017 16:00:00,3109.28,3109.41,3036.31,3048.37,0
3/9/2017 16:00:00,3041.22,3048.81,3000.55,3015.03,0
3/10/2017 16:00:00,3020.52,3071.52,3019.87,3046.13,0
3/13/2017 16:00:00,3047.75,3077.03,3043.37,3073.95,0
3/14/2017 16:00:00,3068.81,3072.08,3029.37,3031.12,0
3/15/2017 16:00:00,3034.94,3144.03,3030.19,3141.03,0
3/16/2017 16:00:00,3142.81,3159.02,3129.74,3135.89,0
3/17/2017 16:00:00,3137.76,3154.09,3107.83,3117.15,0
3/20/2017 16:00:00,3112.77,3166.23,3097.52,3160.18,0
3/21/2017 16:00:00,3162.64,3163.58,3076.8,3082.49,0
3/22/2017 16:00:00,3080.08,3114.06,3055.4,3098.45,0
3/23/2017 16:00:00,3098.69,3105.82,3069.56,3087.28,0
3/24/2017 16:00:00,3085.78,3131.13,3083.89,3124.8,0
3/27/2017 16:00:00,3119.2,3130.39,3065.09,3129.65,0
3/28/2017 16:00:00,3129.49,3152.21,3125.24,3140.93,0
3/29/2017 16:00:00,3146.77,3195.45,3142.66,3192.41,0
3/30/2017 16:00:00,3189.05,3192.37,3157.36,3158.89,0
3/31/2017 16:00:00,3154.77,3169.91,3121.6,3145.06,0
4/3/2017 16:00:00,3146.25,3179.86,3145.97,3172.19,0
4/4/2017 16:00:00,3161.77,3208.76,3152.51,3207.98,0
4/5/2017 16:00:00,3213.34,3237.94,3162.33,3166.96,0
4/6/2017 16:00:00,3165.87,3177.67,3121.15,3132.9,0
4/7/2017 16:00:00,3133.97,3187.04,3133.97,3151.91,0
4/10/2017 16:00:00,3152.96,3175.72,3137.46,3167.54,0
4/11/2017 16:00:00,3169.81,3171.87,3099.45,3149.05,0
4/12/2017 16:00:00,3149.77,3152.35,3109.28,3127.1,0
4/13/2017 16:00:00,3126.43,3138.12,3082.11,3082.82,0
4/17/2017 16:00:00,3091.88,3164.67,3090.68,3162.47,0
4/18/2017 16:00:00,3161.1,3169.72,3126.51,3136.44,0
4/19/2017 16:00:00,3132.27,3140.71,3079.56,3082.5,0
4/20/2017 16:00:00,3086.52,3110.56,3070.65,3088.66,0
4/21/2017 16:00:00,3089.74,3094.44,3077.5,3082.21,0
4/24/2017 16:00:00,3098.56,3147.57,3098.17,3127.36,0
4/25/2017 16:00:00,3115.1,3134.67,3087.88,3131.1,0
4/26/2017 16:00:00,3123.4,3123.46,3065.62,3089.24,0
4/27/2017 16:00:00,3100.31,3108.5,3059.72,3076.49,0
4/28/2017 16:00:00,3078,3102.69,3062.7,3101.08,0
5/1/2017 16:00:00,3107.4,3131.75,3098.66,3118.86,0
5/2/2017 16:00:00,3115.61,3169.53,3114.29,3162.4,0
5/3/2017 16:00:00,3160.86,3162.89,3119.37,3127.83,0
5/4/2017 16:00:00,3115.86,3120,3052.24,3065.41,0
5/5/2017 16:00:00,3063.89,3113.13,3061.65,3109.44,0
5/8/2017 16:00:00,3104.24,3104.84,3070.81,3081.44,0
5/9/2017 16:00:00,3083.15,3124.97,3079.81,3111.85,0
5/10/2017 16:00:00,3119.91,3179.6,3119.28,3165.78,0
5/11/2017 16:00:00,3170.3,3189.15,3160.75,3184.7,0
5/12/2017 16:00:00,3182.64,3233.76,3182.64,3229.82,0
5/15/2017 16:00:00,3237.85,3271.77,3237.33,3267.41,0
5/16/2017 16:00:00,3270.74,3286.33,3264.12,3279.96,0
5/17/2017 16:00:00,3271.78,3271.94,3196.59,3202.61,0
5/18/2017 16:00:00,3147.66,3147.82,2860.94,2886.66,0
5/19/2017 16:00:00,2902.01,3017.23,2901.78,3005.61,0
5/22/2017 16:00:00,3008.71,3009.04,2938.4,2975.18,0
5/23/2017 16:00:00,2980.16,3018.08,2979.03,3004.65,0
5/24/2017 16:00:00,3010.3,3064.34,3010.3,3036.34,0
5/25/2017 16:00:00,3041.64,3057.82,3001.51,3015.35,0
5/26/2017 16:00:00,3021.5,3062.49,3021.5,3048.1,0
5/29/2017 16:00:00,3046.15,3046.4,3035.41,3040.41,0
5/30/2017 16:00:00,3036.24,3045.81,3031.01,3034.74,0
5/31/2017 16:00:00,3034.54,3037.99,2995.89,2998.81,0
6/1/2017 16:00:00,2997.24,3029.82,2982.61,2988.28,0
6/2/2017 16:00:00,2992.76,3012.18,2980.14,2994.02,0
6/5/2017 16:00:00,3006.34,3011.72,2981.83,2997.98,0
6/6/2017 16:00:00,3001.59,3034.62,2999.22,3019.59,0
6/7/2017 16:00:00,3020.95,3048.37,3007.64,3025.5,0
6/8/2017 16:00:00,3024.2,3025.18,2997.98,3018.95,0
6/9/2017 16:00:00,3016.41,3023.35,2992.46,2998.15,0
6/12/2017 16:00:00,2997.8,2998.64,2957.77,2977.41,0
6/13/2017 16:00:00,2976.15,2994.02,2966.85,2990.8,0
6/14/2017 16:00:00,2998.9,3037.43,2994.85,3012.87,0
6/15/2017 16:00:00,2989.86,2989.86,2962.99,2985.36,0
6/16/2017 16:00:00,2985.17,2996.54,2974.05,2990.46,0
6/19/2017 16:00:00,2984.33,3015.5,2984.15,3001.74,0
6/20/2017 16:00:00,2997.15,2997.15,2928.36,2930.03,0
6/21/2017 16:00:00,2934.67,2953.93,2918.31,2924.66,0
6/22/2017 16:00:00,2927.33,2952.25,2924.58,2940.5,0
6/23/2017 16:00:00,2946.35,2959.32,2931.93,2944.14,0
6/26/2017 16:00:00,2955.83,3008.93,2955.32,3003.57,0
6/27/2017 16:00:00,3001.05,3002.92,2963.46,2975.28,0
6/28/2017 16:00:00,2979.89,3013.73,2974.32,3010.32,0
6/29/2017 16:00:00,3002.23,3017.33,2968.62,2995.96,0
6/30/2017 16:00:00,2998.92,3026.24,2996.11,3019.24,0
7/3/2017 16:00:00,3017.92,3048.84,3017.85,3038.37,0
7/4/2017 16:00:00,3037.36,3042.51,3029.85,3038.45,0
7/5/2017 16:00:00,3030.7,3051.7,3006.19,3043.82,0
7/6/2017 16:00:00,3041.08,3042.45,3004.31,3017.67,0
7/7/2017 16:00:00,3024.04,3045.46,3005.85,3029.57,0
7/10/2017 16:00:00,3037.48,3085.79,3036.78,3083.43,0
7/11/2017 16:00:00,3081.75,3118.4,3075.62,3112.47,0
7/12/2017 16:00:00,3128.54,3184.41,3127.05,3180.88,0
7/13/2017 16:00:00,3181.82,3194.57,3181.49,3192.19,0
7/14/2017 16:00:00,3203.51,3233.91,3202.52,3231.32,0
7/17/2017 16:00:00,3230.19,3235.25,3217.92,3227.92,0
7/18/2017 16:00:00,3231.61,3243.39,3221.59,3242.65,0
7/19/2017 16:00:00,3242.25,3263.4,3234.88,3246.06,0
7/20/2017 16:00:00,3244.3,3265.44,3241.54,3247.86,0
7/21/2017 16:00:00,3247.58,3258.18,3231.39,3234.15,0
7/24/2017 16:00:00,3233.3,3244.48,3225.34,3241.33,0
7/25/2017 16:00:00,3240.68,3278.33,3240.68,3252.71,0
7/26/2017 16:00:00,3254.49,3262.41,3236.96,3258.76,0
7/27/2017 16:00:00,3255.07,3270.07,3231.09,3242.95,0
7/28/2017 16:00:00,3241.52,3260.09,3228.96,3258.69,0
7/31/2017 16:00:00,3255.04,3281.19,3254.1,3276.25,0
8/1/2017 16:00:00,3278.75,3311.86,3278.09,3299.18,0
8/2/2017 16:00:00,3291.74,3329.77,3279.33,3322.6,0
8/3/2017 16:00:00,3324.59,3326.34,3306.09,3316.56,0
8/4/2017 16:00:00,3316.15,3324.59,3295.31,3309.99,0
8/7/2017 16:00:00,3307.1,3343.69,3306.75,3340.44,0
8/8/2017 16:00:00,3339.25,3369.63,3330.01,3346.88,0
8/9/2017 16:00:00,3336.92,3336.92,3302.7,3320.64,0
8/10/2017 16:00:00,3323.19,3323.76,3268.04,3272.6,0
8/14/2017 16:00:00,3286.57,3334.98,3280.85,3309.86,0
8/15/2017 16:00:00,3306.05,3333.65,3304.14,3331.1,0
8/16/2017 16:00:00,3334.69,3366.75,3332.96,3361.64,0
8/17/2017 16:00:00,3356.17,3357.83,3303.98,3307.73,0
8/18/2017 16:00:00,3309.67,3366.7,3306.46,3363.36,0
8/21/2017 16:00:00,3363.68,3385.53,3347.13,3353.66,0
8/22/2017 16:00:00,3355.86,3415.6,3354.48,3389.28,0
8/23/2017 16:00:00,3384.11,3429.55,3383.61,3424.97,0
8/24/2017 16:00:00,3425.54,3458.11,3425.03,3447.01,0
8/25/2017 16:00:00,3451.31,3465.78,3436.67,3447.03,0
8/28/2017 16:00:00,3444.23,3448.11,3421.26,3425.28,0
8/29/2017 16:00:00,3425.63,3435.16,3393.75,3433.39,0
8/30/2017 16:00:00,3432.63,3435.17,3414.64,3420.14,0
8/31/2017 16:00:00,3414.42,3440.68,3411.54,3429.01,0
9/1/2017 16:00:00,3432.89,3493.47,3432.89,3471.54,0
9/4/2017 16:00:00,3468.26,3468.55,3461.4,3461.77,0
9/5/2017 16:00:00,3468.53,3512.8,3442.51,3462.78,0
9/6/2017 16:00:00,3465.81,3529.82,3464.22,3527.34,0
9/7/2017 16:00:00,3529.97,3543.44,3528.13,3536.46,0
9/8/2017 16:00:00,3534.78,3537.51,3492.73,3500.27,0
9/11/2017 16:00:00,3503.17,3564.17,3502.58,3543.1,0
9/12/2017 16:00:00,3539.31,3567.32,3530.21,3539.51,0
9/13/2017 16:00:00,3538.12,3542.7,3519.53,3532.5,0
9/14/2017 16:00:00,3531.67,3547.72,3506.45,3544.66,0
9/15/2017 16:00:00,3542.61,3573.44,3532.47,3570.02,0
9/18/2017 16:00:00,3568.17,3586.75,3556.65,3566.92,0
9/19/2017 16:00:00,3569.17,3573.95,3539.84,3558.38,0
9/20/2017 16:00:00,3564.07,3581.43,3534.95,3575.08,0
9/21/2017 16:00:00,3570.24,3578.58,3546.17,3560.09,0
9/22/2017 16:00:00,3567.64,3581.61,3552.45,3566.22,0
9/25/2017 16:00:00,3562.97,3563.9,3497.51,3504.53,0
9/26/2017 16:00:00,3498.82,3518.03,3488.54,3488.96,0
9/27/2017 16:00:00,3476.34,3484.48,3425.58,3448.3,0
9/28/2017 16:00:00,3450.55,3454.87,3432.19,3449.11,0
9/29/2017 16:00:00,3447.73,3490.79,3447.73,3480.19,0
10/2/2017 16:00:00,3474.41,3490.61,3462.28,3490.09,0
10/3/2017 16:00:00,3487.54,3572.96,3485.09,3572.54,0
10/4/2017 16:00:00,3577.22,3594.21,3564.28,3571.75,0
10/5/2017 16:00:00,3572.77,3618.4,3553.97,3557,0
10/6/2017 16:00:00,3552.96,3553.4,3500.38,3524.8,0
10/9/2017 16:00:00,3520.24,3521.24,3469.85,3481.09,0
10/10/2017 16:00:00,3490.63,3534.72,3486.83,3514.73,0
10/11/2017 16:00:00,3522.3,3531.7,3507.49,3526.16,0
10/12/2017 16:00:00,3524.87,3525.1,3509.24,3511.17,0
10/13/2017 16:00:00,3505.36,3559.45,3505.36,3548.29,0
10/16/2017 16:00:00,3541.1,3557.03,3520.15,3531.67,0
10/17/2017 16:00:00,3528.82,3539.22,3490.82,3536.21,0
10/18/2017 16:00:00,3534.16,3541.49,3504.6,3531.11,0
10/19/2017 16:00:00,3532.86,3533.03,3492.65,3523.19,0
10/20/2017 16:00:00,3516.87,3538.93,3500.46,3504,0
10/23/2017 16:00:00,3504.21,3505.17,3437.14,3438.25,0
10/24/2017 16:00:00,3440.46,3467.27,3423.02,3466.01,0
10/25/2017 16:00:00,3468.07,3485.91,3422.83,3460.66,0
10/26/2017 16:00:00,3461.45,3472.83,3399.44,3402.03,0
10/27/2017 16:00:00,3401.05,3450.37,3395,3442.67,0
10/30/2017 16:00:00,3445.23,3445.23,3364.35,3379.63,0
10/31/2017 16:00:00,3385.49,3393.51,3358.32,3368.15,0
11/1/2017 16:00:00,3368.21,3406.75,3358.63,3359.36,0
11/2/2017 16:00:00,3363.6,3374.58,3345.79,3369.75,0
11/3/2017 16:00:00,3363.91,3378.7,3289.71,3329.6,0
11/6/2017 16:00:00,3338.76,3403.29,3334.21,3400.27,0
11/7/2017 16:00:00,3390.42,3395.08,3322.69,3333.66,0
11/8/2017 16:00:00,3339.17,3392.35,3338.7,3386.14,0
11/9/2017 16:00:00,3390.15,3391.43,3331.35,3350,0
11/10/2017 16:00:00,3346.44,3348.04,3290.9,3296.23,0
11/13/2017 16:00:00,3293.73,3303.51,3268.01,3291.44,0
11/14/2017 16:00:00,3294.86,3301.32,3219.44,3223.68,0
11/15/2017 16:00:00,3223.08,3227.56,3195.81,3223.49,0
11/16/2017 16:00:00,3226.32,3301.67,3225.52,3288.32,0
11/17/2017 16:00:00,3286.85,3347.39,3284.41,3344.99,0
11/20/2017 16:00:00,3339.22,3339.22,3301.57,3323.76,0
11/21/2017 16:00:00,3322.8,3393.26,3322.75,3365.25,0
11/22/2017 16:00:00,3366,3393.7,3359.61,3388.13,0
11/24/2017 13:00:00,3383.7,3387.66,3371.96,3379.34,0
11/27/2017 16:00:00,3382.55,3383.2,3333.88,3343.99,0
11/28/2017 16:00:00,3347.02,3388.66,3345.75,3367.96,0
11/29/2017 16:00:00,3369.56,3375.61,3305.77,3308.72,0
11/30/2017 16:00:00,3306.43,3307.18,3232.94,3241.59,0
12/1/2017 16:00:00,3239.2,3273.18,3234.14,3267.09,0
12/4/2017 16:00:00,3268.17,3320.43,3265.41,3293.08,0
12/5/2017 16:00:00,3293.15,3316.55,3260.36,3268.38,0
12/6/2017 16:00:00,3265.55,3276.11,3232.62,3266.6,0
12/7/2017 16:00:00,3257.52,3257.75,3168.94,3215.29,0
12/8/2017 16:00:00,3220.09,3251.63,3219.68,3235.7,0
12/11/2017 16:00:00,3237.94,3263.48,3235.31,3245.05,0
12/12/2017 16:00:00,3243.42,3289.99,3209.6,3285.44,0
12/13/2017 16:00:00,3284.43,3303.82,3240.86,3258.49,0
12/14/2017 16:00:00,3256.65,3256.67,3220.9,3222.76,0
12/15/2017 16:00:00,3225.8,3259.89,3223.04,3244.79,0
12/18/2017 16:00:00,3252.03,3341.31,3252.03,3323.78,0
12/19/2017 16:00:00,3324.83,3328.04,3288.93,3306.82,0
12/20/2017 16:00:00,3305.57,3330.68,3305.17,3318.5,0
12/21/2017 16:00:00,3319.36,3366.49,3309.78,3349.25,0
12/22/2017 16:00:00,3347.47,3352.06,3325.35,3330.58,0
12/26/2017 16:00:00,3335.24,3353.75,3332.27,3347.27,0
12/27/2017 16:00:00,3352.18,3373.14,3352.1,3356.15,0
12/28/2017 16:00:00,3359.57,3385.9,3358.26,3382.16,0
12/29/2017 16:00:00,3382.39,3415.43,3380.7,3400.85,0
1/2/2018 16:00:00,3412.69,3510.95,3412.51,3510.74,0
1/3/2018 16:00:00,3514.3,3546.17,3511.05,3541.33,0
1/4/2018 16:00:00,3547.38,3589.81,3544.58,3557.58,0
1/5/2018 16:00:00,3555.56,3596.86,3546.62,3595.56,0
1/8/2018 16:00:00,3590.18,3605.06,3582.36,3594.17,0
1/9/2018 16:00:00,3592.98,3594.26,3563.74,3565.1,0
1/10/2018 16:00:00,3565.57,3565.65,3533.81,3542.45,0
1/11/2018 16:00:00,3542.52,3598.67,3535.49,3597.57,0
1/12/2018 16:00:00,3602.45,3623.03,3586.24,3619.53,0
1/16/2018 16:00:00,3632.06,3642.41,3623.69,3635.85,0
1/17/2018 16:00:00,3636,3698.82,3633.88,3689.02,0
1/18/2018 16:00:00,3690.33,3713.03,3684.35,3709.97,0
1/19/2018 16:00:00,3709.24,3728.96,3700.49,3724.87,0
1/22/2018 16:00:00,3726.57,3742.23,3702.57,3742.12,0
1/23/2018 16:00:00,3733.24,3733.52,3666.6,3694.46,0
1/24/2018 16:00:00,3705.53,3873.4,3704.93,3865.65,0
1/25/2018 16:00:00,3867.96,3923.91,3865.49,3876.54,0
1/26/2018 16:00:00,3878.49,3934.25,3870.14,3934.08,0
1/29/2018 16:00:00,3927.2,3927.53,3864.59,3867.59,0
1/30/2018 16:00:00,3868.22,3868.69,3814.15,3846.53,0
1/31/2018 16:00:00,3859.25,3916.84,3858.28,3868.93,0
2/1/2018 16:00:00,3869.65,3936.41,3869.54,3911.78,0
2/2/2018 16:00:00,3899.22,3899.29,3788.31,3791,0
2/5/2018 16:00:00,3793.08,3803.07,3670.89,3688.33,0
2/6/2018 16:00:00,3686.7,3774.13,3642.34,3764.97,0
2/7/2018 16:00:00,3762.2,3777.95,3674.77,3676.39,0
2/8/2018 16:00:00,3676.97,3712.74,3573.82,3576.29,0
2/9/2018 16:00:00,3578.38,3637.42,3513.22,3608.92,0
2/12/2018 16:00:00,3612.67,3668.43,3612.67,3641.08,0
2/13/2018 16:00:00,3643.08,3651.07,3624.21,3647.02,0
2/14/2018 16:00:00,3650.36,3764.98,3620.91,3761,0
2/15/2018 16:00:00,3765.7,3810.53,3765.62,3792.94,0
2/16/2018 16:00:00,3792.98,3815.98,3751.65,3775.51,0
2/20/2018 16:00:00,3762.15,3819.8,3745.9,3789.73,0
2/21/2018 16:00:00,3788.92,3847.29,3773.31,3776.88,0
2/22/2018 16:00:00,3780.9,3848.24,3776.15,3830.89,0
2/23/2018 16:00:00,3836.62,3851.54,3809.3,3848.91,0
2/26/2018 16:00:00,3847.13,3870.27,3840.07,3867.95,0
2/27/2018 16:00:00,3865.01,3866.06,3798.78,3805.52,0
2/28/2018 16:00:00,3810.02,3811.77,3728.69,3730.24,0
3/1/2018 16:00:00,3721.72,3765.95,3684.84,3726.8,0
3/2/2018 16:00:00,3720.47,3736.42,3656.49,3734.39,0
3/5/2018 16:00:00,3730.5,3770.94,3698.39,3768.29,0
3/6/2018 16:00:00,3776.55,3826.03,3775.98,3795.29,0
3/7/2018 16:00:00,3786.66,3789.36,3713.74,3751.12,0
3/8/2018 16:00:00,3749.55,3756.58,3707.08,3735.81,0
3/9/2018 16:00:00,3739.64,3805.33,3736.55,3793.15,0
3/12/2018 16:00:00,3790.85,3813.98,3788.66,3809.98,0
3/13/2018 16:00:00,3810.48,3829.3,3775.78,3787.71,0
3/14/2018 16:00:00,3793.94,3815.8,3756.7,3772.54,0
3/15/2018 16:00:00,3766.99,3767.83,3692.64,3703.8,0
3/16/2018 16:00:00,3700.82,3718.72,3688.34,3689.08,0
3/19/2018 16:00:00,3683.55,3683.71,3640.25,3653.54,0
3/20/2018 16:00:00,3650.99,3659.71,3627.19,3641.87,0
3/21/2018 16:00:00,3653.06,3727.34,3651.91,3724.36,0
3/22/2018 16:00:00,3717.84,3718.4,3647.37,3654.75,0
3/23/2018 16:00:00,3657.52,3683.1,3630.56,3634.35,0
3/26/2018 16:00:00,3640.56,3692.22,3638.25,3682.04,0
3/27/2018 16:00:00,3676.32,3680.82,3612.03,3621.91,0
3/28/2018 16:00:00,3625.15,3629.38,3581.4,3624.15,0
3/29/2018 16:00:00,3628.25,3710.87,3626.53,3695.87,0
4/2/2018 16:00:00,3695.38,3714.11,3637.88,3658.05,0
4/3/2018 16:00:00,3663.76,3700.9,3651.15,3671.04,0
4/4/2018 16:00:00,3662.56,3686.23,3592.61,3683.8,0
4/5/2018 16:00:00,3687.67,3759.98,3687.28,3719.12,0
4/6/2018 16:00:00,3714.85,3717.45,3640.58,3677.7,0
4/9/2018 16:00:00,3672.67,3677.4,3608.16,3611.42,0
4/10/2018 16:00:00,3615.27,3679.29,3610.73,3676.89,0
4/11/2018 16:00:00,3673.5,3732.35,3672.91,3723.01,0
4/12/2018 16:00:00,3727.05,3738.74,3711.57,3714.39,0
4/13/2018 16:00:00,3720.41,3723.56,3665.9,3674.68,0
4/16/2018 16:00:00,3677.31,3688.13,3617.58,3630.98,0
4/17/2018 16:00:00,3632.68,3684.62,3631.11,3679.92,0
4/18/2018 16:00:00,3685.05,3770.69,3684.64,3758.4,0
4/19/2018 16:00:00,3754.32,3756.46,3701.17,3731.31,0
4/20/2018 16:00:00,3728.44,3729.01,3677.08,3698.19,0
4/23/2018 16:00:00,3686.57,3686.93,3632.06,3647.33,0
4/24/2018 16:00:00,3651.39,3687.8,3621.05,3638.9,0
4/25/2018 16:00:00,3626.37,3628.29,3562.34,3602.49,0
4/26/2018 16:00:00,3602.42,3655.79,3601.9,3653.16,0
4/27/2018 16:00:00,3654.58,3689.06,3652.04,3674.27,0
4/30/2018 16:00:00,3667.79,3674.33,3623.2,3628.6,0
5/1/2018 16:00:00,3622.46,3623.83,3573.41,3590,0
5/2/2018 16:00:00,3587.73,3588.38,3511.67,3520.23,0
5/3/2018 16:00:00,3522.31,3525.12,3450.16,3481.03,0
5/4/2018 16:00:00,3471.14,3495.13,3453.59,3471.55,0
5/7/2018 16:00:00,3466.38,3472.75,3423.2,3433.01,0
5/8/2018 16:00:00,3428.84,3435.44,3391.8,3421.64,0
5/9/2018 16:00:00,3420.73,3447.9,3409.4,3442.75,0
5/10/2018 16:00:00,3452.9,3560.01,3452.9,3543.86,0
5/11/2018 16:00:00,3541.03,3565.14,3493.56,3499.71,0
5/14/2018 16:00:00,3501.88,3530.57,3469.32,3484.55,0
5/15/2018 16:00:00,3466.3,3466.37,3389.33,3451.02,0
5/16/2018 16:00:00,3445.01,3486.49,3444.3,3476.37,0
5/17/2018 16:00:00,3473.59,3474.62,3362.86,3375.91,0
5/18/2018 16:00:00,3362.81,3363.12,3274.75,3320.14,0
5/21/2018 16:00:00,3324.9,3365.66,3300.29,3309.76,0
5/22/2018 16:00:00,3318.71,3383.86,3316.06,3360.96,0
5/23/2018 16:00:00,3352.12,3356.37,3306.79,3330.88,0
5/24/2018 16:00:00,3325.63,3326.51,3231.11,3265.55,0
5/25/2018 16:00:00,3261.04,3264.86,3211.96,3218.02,0
5/29/2018 16:00:00,3186.4,3192.93,3079.82,3091.8,0
5/30/2018 16:00:00,3100.24,3129.38,3070.02,3112.75,0
5/31/2018 16:00:00,3110.88,3123.52,3098.82,3104.26,0
6/1/2018 16:00:00,3100.81,3156.53,3048.24,3096.67,0
6/4/2018 16:00:00,3099.47,3155.69,3099.3,3149.06,0
6/5/2018 16:00:00,3133.71,3136.48,3056.77,3060.69,0
6/6/2018 16:00:00,3064.48,3079.04,3031.65,3047.11,0
6/7/2018 16:00:00,3037.52,3038.07,2872.97,2945.84,0
6/8/2018 16:00:00,2955.21,3047.83,2934.84,3029.7,0
6/11/2018 16:00:00,3025.65,3052.57,2994.52,3004.74,0
6/12/2018 16:00:00,3006.6,3046.1,3004.04,3017.61,0
6/13/2018 16:00:00,3021,3028.3,2961.66,2997.4,0
6/14/2018 16:00:00,3004.96,3017.98,2944.59,2945.49,0
6/15/2018 16:00:00,2951.78,2952.96,2902.96,2942.77,0
6/18/2018 16:00:00,2939.42,2939.74,2888.12,2920.34,0
6/19/2018 16:00:00,2912.47,2976.14,2882.54,2945.25,0
6/20/2018 16:00:00,2954.52,2997.91,2947.92,2963.96,0
6/21/2018 16:00:00,2966.88,2968.01,2906.25,2908.06,0
6/22/2018 16:00:00,2915.32,2946.21,2909.54,2934.4,0
6/25/2018 16:00:00,2932.41,2948.85,2894.28,2938.16,0
6/26/2018 16:00:00,2940.2,2960.18,2914.36,2943.23,0
6/27/2018 16:00:00,2938.85,2953.73,2878.71,2882.77,0
6/28/2018 16:00:00,2889.85,2957.27,2889.55,2943.5,0
7/2/2018 16:00:00,2953.81,2954.43,2904.36,2926.08,0
7/3/2018 13:00:00,2943.34,3011.46,2943.17,2993.08,0
7/5/2018 16:00:00,3004.94,3029.56,2979.94,3027.28,0
7/6/2018 16:00:00,3031.65,3084.16,3011.11,3076.28,0
7/9/2018 16:00:00,3078.72,3103.61,3073.59,3096.03,0
7/10/2018 16:00:00,3099.09,3120.16,3095.66,3118.51,0
7/11/2018 16:00:00,3112.2,3113.91,3048.62,3055.39,0
7/12/2018 16:00:00,3069.68,3114.53,3069.28,3091.36,0
7/13/2018 16:00:00,3089.59,3122,3078.34,3121.7,0
7/16/2018 16:00:00,3124.95,3128.15,3099.05,3119.81,0
7/17/2018 16:00:00,3113.2,3172.15,3106.82,3163.18,0
7/18/2018 16:00:00,3154.67,3177.32,3141.36,3154.54,0
7/19/2018 16:00:00,3136.32,3136.83,3078.26,3123.89,0
7/20/2018 16:00:00,3139.97,3222.07,3137.56,3199.95,0
7/23/2018 16:00:00,3196.08,3198.07,3172.69,3193.25,0
7/24/2018 16:00:00,3197.16,3274.31,3196.63,3257.6,0
7/25/2018 16:00:00,3268.46,3330.67,3268.39,3323.49,0
7/26/2018 16:00:00,3321.43,3329.96,3276.75,3283.73,0
7/27/2018 16:00:00,3289.74,3339.63,3288.95,3313.98,0
7/30/2018 16:00:00,3319.99,3337.73,3319.3,3329.65,0
7/31/2018 16:00:00,3323.16,3323.72,3274.86,3289.93,0
8/1/2018 16:00:00,3289.42,3302.3,3263.84,3266.89,0
8/2/2018 16:00:00,3260.73,3275.86,3224.51,3263.08,0
8/3/2018 16:00:00,3268.3,3358.63,3267.68,3340.41,0
8/6/2018 16:00:00,3336.34,3338.78,3315.07,3315.87,0
8/7/2018 16:00:00,3323.61,3359.05,3288.72,3298.81,0
8/8/2018 16:00:00,3294.51,3322.93,3262.97,3269.88,0
8/9/2018 16:00:00,3263.85,3265.79,3202.24,3211.76,0
8/10/2018 16:00:00,3195.02,3195.78,3079.94,3098.2,0
8/13/2018 16:00:00,3087.28,3093.28,3044.51,3087.85,0
8/14/2018 16:00:00,3094.15,3147.96,3094.15,3144.52,0
8/15/2018 16:00:00,3129.1,3129.1,3036.75,3058.79,0
8/16/2018 16:00:00,3061.17,3100.1,3043.14,3050.41,0
8/17/2018 16:00:00,3041.86,3044.32,3006.15,3039.69,0
8/20/2018 16:00:00,3034.35,3035.14,3010.27,3025.86,0
8/21/2018 16:00:00,3026.37,3031.59,2985.98,2989.93,0
8/22/2018 16:00:00,2988.24,3038.63,2969.05,3036.79,0
8/23/2018 16:00:00,3035.43,3039.92,2960.85,2964.58,0
8/24/2018 16:00:00,2971.31,3016.42,2966.15,2992.05,0
8/27/2018 16:00:00,3004.96,3072.84,3003.67,3060.77,0
8/28/2018 16:00:00,3059.66,3064.77,2999.32,3009.85,0
8/29/2018 16:00:00,3004.41,3051.74,3003.02,3043.15,0
8/30/2018 16:00:00,3036.26,3036.82,2937.38,2955.19,0
8/31/2018 16:00:00,2955.49,3004.26,2947.99,2995.15,0
9/4/2018 16:00:00,2964.31,2965.61,2867.9,2872.15,0
9/5/2018 16:00:00,2865.77,2898.69,2848.61,2883.38,0
9/6/2018 16:00:00,2892.84,2931.62,2877.71,2927.9,0
9/10/2018 16:00:00,2953.6,2960.6,2917.74,2933.94,0
9/11/2018 16:00:00,2927.21,2927.21,2852.21,2878.01,0
9/12/2018 16:00:00,2882.32,2947.26,2882.32,2927.55,0
9/13/2018 16:00:00,2932.15,2954.76,2922.76,2930.57,0
9/14/2018 16:00:00,2932.53,2961.72,2916.81,2952.39,0
9/17/2018 16:00:00,2954.03,3001.01,2951.07,2995.89,0
9/18/2018 16:00:00,2999.82,3046.17,2998.53,3034.19,0
9/19/2018 16:00:00,3038.73,3079.18,3032.65,3050.25,0
9/20/2018 16:00:00,3056.6,3094.38,3053.35,3082.03,0
9/21/2018 16:00:00,3081.82,3137.66,3076.1,3119.52,0
9/24/2018 16:00:00,3116.1,3117.12,3050.64,3062.65,0
9/25/2018 16:00:00,3057.27,3086.97,3028.06,3084.6,0
9/26/2018 16:00:00,3082.94,3141.64,3082.37,3105.19,0
9/27/2018 16:00:00,3105.89,3175.33,3102.82,3155.09,0
9/28/2018 16:00:00,3152.21,3162.71,3113.94,3123.08,0
10/1/2018 16:00:00,3128.33,3144.3,3115.07,3130.9,0
10/2/2018 16:00:00,3131.02,3237.12,3129.37,3223.18,0
10/3/2018 16:00:00,3233.49,3355.79,3231.79,3269.3,0
10/4/2018 16:00:00,3259.9,3267.38,3189.87,3238.79,0
10/5/2018 16:00:00,3247.75,3273.31,3215.41,3242.6,0
10/8/2018 16:00:00,3253.9,3400.09,3249.02,3377.14,0
10/9/2018 16:00:00,3371.82,3428.53,3346.12,3412.78,0
10/10/2018 16:00:00,3406.92,3407.99,3291.09,3293.6,0
10/11/2018 16:00:00,3298.25,3338.41,3244.68,3261.28,0
10/12/2018 16:00:00,3266.17,3327.72,3265.46,3309.26,0
10/15/2018 16:00:00,3317.38,3352.71,3298.36,3318.5,0
10/16/2018 16:00:00,3326.58,3404.76,3325.81,3403.52,0
10/17/2018 16:00:00,3399.83,3437.66,3382.32,3412.06,0
10/18/2018 16:00:00,3408.77,3410.69,3297.24,3299.06,0
10/19/2018 16:00:00,3304.99,3357.66,3291.69,3309.89,0
10/22/2018 16:00:00,3310.45,3364.4,3307.18,3341.54,0
10/23/2018 16:00:00,3340.01,3340.57,3249.81,3310.25,0
10/24/2018 16:00:00,3308.79,3327.76,3197.06,3201.64,0
10/25/2018 16:00:00,3208.03,3292.25,3204.83,3263.77,0
10/26/2018 16:00:00,3260.68,3332.09,3235.08,3329.63,0
10/29/2018 16:00:00,3325.91,3387.46,3156.39,3187.13,0
10/30/2018 16:00:00,3189.35,3274.19,3184.76,3272.23,0
10/31/2018 16:00:00,3266.43,3285.14,3228.21,3273.35,0
11/1/2018 16:00:00,3281.06,3371.19,3280.21,3363.88,0
11/2/2018 16:00:00,3379.54,3409.99,3352.44,3378.61,0
11/5/2018 16:00:00,3373.7,3409.76,3371.61,3408.87,0
11/6/2018 16:00:00,3403.52,3405.01,3346.63,3367.33,0
11/7/2018 16:00:00,3375.09,3379.35,3322.75,3362.22,0
11/8/2018 16:00:00,3362.09,3366.55,3228.9,3239.51,0
11/9/2018 16:00:00,3237.48,3242.9,3160.59,3235.5,0
11/12/2018 16:00:00,3228.07,3230.78,3177.23,3182.3,0
11/13/2018 16:00:00,3182.77,3190.29,3097.93,3115.52,0
11/14/2018 16:00:00,3113.19,3166.1,3112.1,3156.87,0
11/15/2018 16:00:00,3159.66,3213.56,3154.65,3196.23,0
11/16/2018 16:00:00,3195.81,3271.37,3191.79,3262.65,0
11/19/2018 16:00:00,3257.08,3257.99,3206.12,3236.64,0
11/20/2018 16:00:00,3235.35,3235.49,3140.1,3143.29,0
11/21/2018 16:00:00,3140.82,3196.7,3131.67,3181.51,0
11/23/2018 13:00:00,3172.63,3177.75,3102.71,3113.37,0
11/26/2018 16:00:00,3111.1,3117.07,2997.9,3007.24,0
11/27/2018 16:00:00,3015.7,3105.23,3013.19,3094.58,0
11/28/2018 16:00:00,3095.61,3182.07,3069.76,3172.4,0
11/29/2018 16:00:00,3173.73,3206.37,3169.19,3196.69,0
11/30/2018 16:00:00,3193.79,3204.91,3165.21,3185.91,0
12/3/2018 16:00:00,3202.49,3279.67,3200.82,3221.89,0
12/4/2018 16:00:00,3226.14,3232.68,3146.38,3165.34,0
12/6/2018 16:00:00,3158.66,3166.87,3059.14,3162.27,0
12/7/2018 16:00:00,3155.5,3213.28,3122.66,3125.73,0
12/10/2018 16:00:00,3127.09,3130.93,3033.84,3046.44,0
12/11/2018 16:00:00,3052.65,3095.27,3026.5,3055.04,0
12/12/2018 16:00:00,3059.01,3131.4,3058.77,3091.19,0
12/13/2018 16:00:00,3087.23,3117.46,3086.04,3108.11,0
12/14/2018 16:00:00,3103.67,3111.91,3066.88,3077.76,0
12/17/2018 16:00:00,3078.16,3094.27,3027.19,3031.87,0
12/18/2018 16:00:00,3034.25,3072.79,3033.18,3044.71,0
12/19/2018 16:00:00,3048.71,3122.07,3007.04,3019.37,0
12/20/2018 16:00:00,3034.19,3079.5,3016.45,3045.98,0
12/21/2018 16:00:00,3040.91,3060.39,2998.78,3007.04,0
12/24/2018 13:00:00,3007.62,3012.01,2976.12,2977.19,0
12/26/2018 16:00:00,2974.7,3023.78,2943.02,3022.28,0
12/27/2018 16:00:00,3022.12,3051.33,2988.58,3051.24,0
12/28/2018 16:00:00,3054.67,3094.52,3051.59,3075.14,0
12/31/2018 16:00:00,3081.5,3097.99,3076.26,3092.73,0
1/2/2019 16:00:00,3089.57,3235.45,3089.41,3233.81,0
1/3/2019 16:00:00,3230.81,3251.22,3200.2,3232.48,0
1/4/2019 16:00:00,3237.1,3333.24,3226.12,3319.85,0
1/7/2019 16:00:00,3322.48,3339.75,3307.32,3312.95,0
1/8/2019 16:00:00,3315.62,3361.61,3309.03,3356.09,0
1/9/2019 16:00:00,3360.38,3433.96,3357.56,3426.18,0
1/10/2019 16:00:00,3423.17,3441.25,3392.21,3429.61,0
1/11/2019 16:00:00,3432.84,3435.39,3391.88,3417.64,0
1/14/2019 16:00:00,3414.2,3455.84,3396.2,3442.32,0
1/15/2019 16:00:00,3440.85,3447.53,3400.31,3422.9,0
1/16/2019 16:00:00,3422,3434.17,3409.3,3429.95,0
1/17/2019 16:00:00,3429.25,3469.75,3397.21,3452.03,0
1/18/2019 16:00:00,3450.28,3492.16,3448.41,3465.64,0
1/22/2019 16:00:00,3455.13,3459.59,3377.98,3391.5,0
1/23/2019 16:00:00,3399.83,3450.43,3396.13,3449.95,0
1/24/2019 16:00:00,3446.78,3475.07,3443.81,3458.7,0
1/25/2019 16:00:00,3462.59,3510.4,3414.93,3458.12,0
1/28/2019 16:00:00,3455.45,3458.7,3360.96,3388.29,0
1/29/2019 16:00:00,3392.69,3442.96,3390.69,3428.66,0
1/30/2019 16:00:00,3424.42,3487.44,3420.24,3480.76,0
1/31/2019 16:00:00,3486.18,3570.34,3486.18,3540.76,0
2/1/2019 16:00:00,3536.89,3549.93,3505.1,3545.56,0
2/4/2019 16:00:00,3539.79,3558.41,3501.85,3556.97,0
2/5/2019 16:00:00,3560.06,3572.55,3537.44,3559.49,0
2/6/2019 16:00:00,3550.76,3551.36,3439.47,3441.99,0
2/7/2019 16:00:00,3434.94,3446.5,3378.85,3411.45,0
2/8/2019 16:00:00,3411.71,3428.31,3359.41,3410.22,0
2/11/2019 16:00:00,3408.61,3409.48,3349.62,3370.27,0
2/12/2019 16:00:00,3374.88,3462.05,3374.63,3450.1,0
2/13/2019 16:00:00,3447.51,3448.65,3393.52,3397.74,0
2/14/2019 16:00:00,3396.57,3488.32,3369.71,3479.8,0
2/15/2019 16:00:00,3479.15,3500.47,3462.05,3498.71,0
2/19/2019 16:00:00,3488.45,3511.92,3481.25,3494.69,0
2/20/2019 16:00:00,3494.07,3530.12,3477.43,3479.73,0
2/21/2019 16:00:00,3480.73,3482.2,3434.92,3476.22,0
2/22/2019 16:00:00,3479.57,3504,3472.71,3491.83,0
2/25/2019 16:00:00,3500.74,3517.03,3472.85,3473.55,0
2/26/2019 16:00:00,3471.5,3484.86,3464.92,3479.8,0
2/27/2019 16:00:00,3480.92,3483.87,3454.24,3471.56,0
2/28/2019 16:00:00,3469.88,3471.46,3381.19,3387.65,0
3/1/2019 16:00:00,3387.24,3388.31,3328.79,3344.47,0
3/4/2019 16:00:00,3341.58,3344.61,3316.09,3342.32,0
3/5/2019 16:00:00,3344.28,3361.6,3333.49,3349.24,0
3/6/2019 16:00:00,3347.46,3355.07,3277.52,3287.1,0
3/7/2019 16:00:00,3288.89,3291.81,3238.86,3263.8,0
3/8/2019 16:00:00,3262.54,3284.21,3238.6,3280.54,0
3/11/2019 16:00:00,3284.06,3386.12,3283.49,3385.93,0
3/12/2019 16:00:00,3389.19,3418.24,3380.83,3394.08,0
3/13/2019 16:00:00,3394.7,3446.73,3385.55,3433.92,0
3/14/2019 16:00:00,3431.42,3432.55,3375.27,3401.04,0
3/15/2019 16:00:00,3400.53,3455.11,3400.53,3441.89,0
3/18/2019 16:00:00,3445.55,3496.99,3442.82,3496.51,0
3/19/2019 16:00:00,3501.05,3530.67,3484.99,3496.58,0
3/20/2019 16:00:00,3499,3529.52,3462.29,3495.68,0
3/21/2019 16:00:00,3496.22,3496.66,3389.23,3442.6,0
3/22/2019 16:00:00,3426.81,3431.31,3257.9,3269.34,0
3/25/2019 16:00:00,3268.51,3308.94,3264.8,3298.16,0
3/26/2019 16:00:00,3300.12,3343.05,3296.31,3335.01,0
3/27/2019 16:00:00,3322.22,3324.73,3207.13,3209.82,0
3/28/2019 16:00:00,3208.75,3290.62,3201.04,3273.76,0
3/29/2019 16:00:00,3279.82,3334.91,3276.64,3304.79,0
4/1/2019 16:00:00,3315.19,3387.28,3314.59,3362.13,0
4/2/2019 16:00:00,3366.95,3377.68,3320.14,3346.5,0
4/3/2019 16:00:00,3351.56,3386.13,3311.33,3316.7,0
4/4/2019 16:00:00,3318.68,3396.59,3303.24,3389.72,0
4/5/2019 16:00:00,3389.71,3435.03,3384.85,3427.39,0
4/8/2019 16:00:00,3429.04,3474.93,3425.44,3469.79,0
4/9/2019 16:00:00,3472.41,3472.94,3415.02,3440.08,0
4/10/2019 16:00:00,3445.72,3467.18,3436.09,3451.62,0
4/11/2019 16:00:00,3445.83,3448.21,3367.87,3390.8,0
4/12/2019 16:00:00,3392.57,3392.97,3311.89,3323.15,0
4/15/2019 16:00:00,3324.87,3350.33,3309.47,3321.81,0
4/16/2019 16:00:00,3313.63,3355.11,3302.49,3343.03,0
4/17/2019 16:00:00,3346.4,3365.43,3281.6,3319.08,0
4/18/2019 16:00:00,3319.17,3369.92,3311.27,3348.02,0
4/22/2019 16:00:00,3347.32,3354.62,3321.82,3336.85,0
4/23/2019 16:00:00,3331.32,3364.09,3329.72,3358.28,0
4/24/2019 16:00:00,3351.73,3351.73,3267.99,3292.2,0
4/25/2019 16:00:00,3286.79,3333.74,3260.25,3330.44,0
4/26/2019 16:00:00,3332.77,3350.51,3317.58,3339.64,0
4/29/2019 16:00:00,3339.39,3361.26,3319.08,3328.95,0
4/30/2019 16:00:00,3330.98,3336.72,3290.24,3330.26,0
5/1/2019 16:00:00,3331.31,3339.5,3292.73,3293.06,0
5/2/2019 16:00:00,3285.36,3285.83,3261.6,3271.17,0
5/3/2019 16:00:00,3274.36,3310.71,3274.36,3298.01,0
5/6/2019 16:00:00,3288.24,3288.59,3231.59,3251.91,0
5/7/2019 16:00:00,3243.72,3243.85,3162.03,3211.42,0
5/8/2019 16:00:00,3212.76,3269.9,3211.63,3244.87,0
5/9/2019 16:00:00,3238.04,3238.45,3161.72,3202.02,0
5/10/2019 16:00:00,3206.35,3223.31,3146.11,3209.66,0
5/13/2019 16:00:00,3197.76,3199.06,3108.37,3114.53,0
5/14/2019 16:00:00,3116.77,3149.95,3116.47,3133.39,0
5/15/2019 16:00:00,3124.88,3125.14,3065.46,3105.63,0
5/16/2019 16:00:00,3103.98,3106.69,3048.34,3053.29,0
5/17/2019 16:00:00,3046.44,3059.32,2997.66,3011.26,0
5/20/2019 16:00:00,3012.93,3057.7,3002.67,3047.38,0
5/21/2019 16:00:00,3046.67,3135.48,3045.84,3126.48,0
5/22/2019 16:00:00,3131.29,3151.13,3125.5,3126.54,0
5/23/2019 16:00:00,3122.36,3124.46,3072.2,3107.25,0
5/24/2019 16:00:00,3111.3,3136.5,3101.63,3116.52,0
5/28/2019 16:00:00,3114.31,3160.36,3113.92,3132.7,0
5/29/2019 16:00:00,3134.94,3193.49,3131.07,3192.85,0
5/30/2019 16:00:00,3190.45,3247.81,3188.69,3218.85,0
5/31/2019 16:00:00,3196.8,3239.45,3171.06,3208.38,0
6/3/2019 16:00:00,3207.2,3252.41,3206.84,3232.87,0
6/4/2019 16:00:00,3241.93,3279.66,3240.55,3277.28,0
6/5/2019 16:00:00,3275.58,3280.88,3209.54,3226.09,0
6/6/2019 16:00:00,3225.04,3268.73,3222.39,3253.05,0
6/7/2019 16:00:00,3253.82,3297.74,3250.46,3275.4,0
6/10/2019 16:00:00,3286.8,3293.05,3264.68,3282.02,0
6/11/2019 16:00:00,3287.88,3349.46,3287.37,3345.46,0
6/12/2019 16:00:00,3344.26,3362.17,3304.99,3312.02,0
6/13/2019 16:00:00,3316.72,3352.89,3312.12,3325.82,0
6/14/2019 16:00:00,3321.29,3324.19,3254.96,3268.16,0
6/17/2019 16:00:00,3269.66,3288.5,3253.76,3253.83,0
6/18/2019 16:00:00,3260.64,3339.27,3260.49,3329.82,0
6/19/2019 16:00:00,3327.07,3364.43,3305.9,3361.6,0
6/20/2019 16:00:00,3379.34,3426.19,3379.34,3407.22,0
6/21/2019 16:00:00,3405.05,3436.08,3402.82,3421.05,0
6/24/2019 16:00:00,3421.59,3446.18,3415.6,3437.96,0
6/25/2019 16:00:00,3436.77,3437.29,3369.96,3381.38,0
6/26/2019 16:00:00,3385.31,3415.51,3379.54,3402.28,0
6/27/2019 16:00:00,3402.23,3402.32,3348.7,3387.71,0
6/28/2019 16:00:00,3387.79,3410.69,3377.59,3385.93,0
7/1/2019 16:00:00,3394.04,3447.66,3393.64,3405.78,0
7/2/2019 16:00:00,3408.65,3410.46,3360.48,3373.36,0
7/3/2019 13:00:00,3374.01,3408.53,3370.1,3406.44,0
7/5/2019 16:00:00,3416.8,3463.88,3411.61,3461.84,0
7/8/2019 16:00:00,3468.01,3492.1,3465.96,3481.79,0
7/9/2019 16:00:00,3458.63,3491.97,3448.36,3462.69,0
7/10/2019 16:00:00,3465.16,3533.33,3463.23,3510.2,0
7/11/2019 16:00:00,3511.81,3516.17,3482.77,3507.19,0
7/12/2019 16:00:00,3508.75,3519.54,3485.03,3491.85,0
7/15/2019 16:00:00,3492.7,3505.45,3475.05,3481.1,0
7/16/2019 16:00:00,3478.82,3492.22,3455.07,3466.13,0
7/17/2019 16:00:00,3468.93,3484.22,3457.12,3457.84,0
7/18/2019 16:00:00,3459.38,3486.94,3453.94,3479.48,0
7/19/2019 16:00:00,3475.45,3482.11,3438.78,3440.73,0
7/22/2019 16:00:00,3441.27,3470.11,3440.94,3448.2,0
7/23/2019 16:00:00,3445.99,3448.77,3407.29,3420.44,0
7/24/2019 16:00:00,3424.6,3453.31,3424.58,3432.77,0
7/25/2019 16:00:00,3436.39,3437.33,3369.1,3379.98,0
7/26/2019 16:00:00,3381.33,3404.02,3363.79,3378.42,0
7/29/2019 16:00:00,3375.2,3393.32,3352.61,3392.88,0
7/30/2019 16:00:00,3392.56,3392.72,3347.69,3355.2,0
7/31/2019 16:00:00,3360.4,3368.07,3278.77,3306.41,0
8/1/2019 16:00:00,3302.38,3339.07,3254.45,3259.87,0
8/2/2019 16:00:00,3255.79,3266.75,3205.35,3228.34,0
8/5/2019 16:00:00,3210.54,3211.44,3089.17,3104.15,0
8/6/2019 16:00:00,3106.18,3159.56,3105.92,3154.82,0
8/7/2019 16:00:00,3148.07,3181.66,3089.91,3180.13,0
8/8/2019 16:00:00,3183.21,3251.53,3182.9,3247.47,0
8/9/2019 16:00:00,3247.03,3256.71,3202.62,3223.57,0
8/12/2019 16:00:00,3204.7,3205.25,3106.79,3126.98,0
8/13/2019 16:00:00,3121.61,3195.79,3094.54,3170.45,0
8/14/2019 16:00:00,3165.09,3165.22,3033.72,3036.48,0
8/15/2019 16:00:00,3039.71,3049.99,2987.1,3037.17,0
8/16/2019 16:00:00,3038.9,3067.86,3035.86,3045.67,0
8/19/2019 16:00:00,3045.15,3075.75,2997.74,3005.81,0
8/20/2019 16:00:00,3010.76,3041.43,2981.7,3017.22,0
8/21/2019 16:00:00,3023.65,3081.43,3023.51,3072.73,0
8/22/2019 16:00:00,3073.62,3080.85,3026.17,3027.87,0
8/23/2019 16:00:00,3025.34,3033.03,2931.28,2940.02,0
8/26/2019 16:00:00,2943.08,2949.78,2888.92,2908.28,0
8/27/2019 16:00:00,2911.95,2960.97,2899.52,2927.51,0
8/28/2019 16:00:00,2924.46,2957.95,2912.16,2945.21,0
8/29/2019 16:00:00,2943.27,3010.63,2939.69,3002.86,0
8/30/2019 16:00:00,3005.87,3058.61,3005.87,3054.15,0
9/3/2019 16:00:00,3031.98,3034.82,2975.94,2986.9,0
9/4/2019 16:00:00,2996.64,3076.23,2996.27,3074.82,0
9/5/2019 16:00:00,3080.79,3161.56,3080.22,3120.19,0
9/6/2019 16:00:00,3130.35,3183.27,3130.34,3164.18,0
9/9/2019 16:00:00,3167.5,3209.5,3166.16,3176.39,0
9/10/2019 16:00:00,3179.57,3196.77,3141.74,3178.12,0
9/11/2019 16:00:00,3180.41,3212.23,3178.42,3195.4,0
9/12/2019 16:00:00,3202.35,3233.28,3201.7,3220.22,0
9/13/2019 16:00:00,3224.62,3246.8,3193.2,3197.59,0
9/16/2019 16:00:00,3197.73,3213.23,3182.86,3203.09,0
9/17/2019 16:00:00,3198.01,3239.51,3173,3238.81,0
9/18/2019 16:00:00,3238.7,3240.78,3187.56,3213.29,0
9/19/2019 16:00:00,3211.71,3231.47,3168.3,3170.04,0
9/20/2019 16:00:00,3169.66,3187.6,3154.21,3179.44,0
9/23/2019 16:00:00,3178.48,3178.61,3155.38,3166.16,0
9/24/2019 16:00:00,3168.11,3172.05,3126.04,3134.54,0
9/25/2019 16:00:00,3125.91,3158.37,3095.55,3157.2,0
9/26/2019 16:00:00,3161.3,3175.82,3150.53,3168.92,0
9/27/2019 16:00:00,3171.48,3193.83,3152.06,3167.73,0
9/30/2019 16:00:00,3165.79,3168.49,3143.21,3146.5,0
10/1/2019 16:00:00,3142.32,3144.39,3115.34,3121.89,0
10/2/2019 16:00:00,3121.27,3121.82,3044.81,3057.01,0
10/3/2019 16:00:00,3059.28,3098.74,3045.31,3093.78,0
10/4/2019 16:00:00,3098.34,3163.87,3097.01,3163.52,0
10/7/2019 16:00:00,3160.95,3161.94,3091.37,3092.79,0
10/8/2019 16:00:00,3091.45,3108.99,3064.44,3065.84,0
10/9/2019 16:00:00,3071.24,3107.8,3069.5,3095.57,0
10/11/2019 16:00:00,3125.24,3205.14,3124.89,3193.35,0
10/14/2019 16:00:00,3190.64,3191.68,3173.21,3185.38,0
10/15/2019 16:00:00,3186.87,3196.4,3169.53,3171.11,0
10/16/2019 16:00:00,3169.88,3197.85,3144.07,3195.09,0
10/17/2019 16:00:00,3196.41,3229.2,3180.09,3185.1,0
10/18/2019 16:00:00,3189.99,3220.22,3187.88,3203.66,0
10/21/2019 16:00:00,3198.51,3206.96,3174.49,3205.86,0
10/22/2019 16:00:00,3210.28,3285.21,3210.28,3271.36,0
10/23/2019 16:00:00,3268.39,3314.55,3264.88,3310.86,0
10/24/2019 16:00:00,3315.01,3333.25,3298.38,3310.34,0
10/25/2019 16:00:00,3314.71,3348.99,3312.36,3330.23,0
10/28/2019 16:00:00,3332.12,3371.68,3331.96,3364.63,0
10/29/2019 16:00:00,3365.33,3366.84,3335.27,3340.46,0
10/30/2019 16:00:00,3339.05,3344.04,3284.48,3343.54,0
10/31/2019 16:00:00,3344.12,3344.12,3270.98,3296.4,0
11/1/2019 16:00:00,3304.31,3357.6,3304.31,3338.79,0
11/4/2019 16:00:00,3343.51,3370,3333.56,3339.9,0
11/5/2019 16:00:00,3343.03,3352.75,3330.92,3345.78,0
11/6/2019 16:00:00,3347.37,3351.32,3263.04,3290.2,0
11/7/2019 16:00:00,3295.75,3327.04,3287.62,3318.68,0
11/8/2019 16:00:00,3315.16,3315.16,3223.77,3235.19,0
11/11/2019 16:00:00,3232.24,3245.7,3215.12,3241.97,0
11/12/2019 16:00:00,3235.44,3237.03,3167.34,3175.83,0
11/13/2019 16:00:00,3170.44,3170.44,3118.36,3142.15,0
11/14/2019 16:00:00,3141.28,3153.36,3126.92,3137.87,0
11/15/2019 16:00:00,3145.84,3203.88,3145.84,3203.67,0
11/18/2019 16:00:00,3206.25,3210.37,3155.06,3156.92,0
11/19/2019 16:00:00,3157.3,3163.46,3126.17,3144.76,0
11/20/2019 16:00:00,3140.55,3149.59,3120.4,3134.9,0
11/21/2019 16:00:00,3133.92,3168.9,3125.19,3168.53,0
11/22/2019 16:00:00,3170.07,3204.6,3163.87,3197.74,0
11/25/2019 16:00:00,3199.51,3199.89,3172.4,3174.01,0
11/26/2019 16:00:00,3169.23,3171.6,3092.72,3113.09,0
11/27/2019 16:00:00,3113.02,3126.77,3079.25,3121.01,0
11/29/2019 13:00:00,3137.57,3139.28,3114.25,3119.54,0
12/2/2019 16:00:00,3119.66,3148.86,3119.25,3134.83,0
12/3/2019 16:00:00,3137.68,3140.45,3114.14,3127.92,0
12/4/2019 16:00:00,3132.07,3190.43,3130.08,3181.29,0
12/5/2019 16:00:00,3182.64,3224.74,3182.64,3211.41,0
12/6/2019 16:00:00,3211.84,3241.99,3209.99,3238.41,0
12/9/2019 16:00:00,3239.88,3257.16,3224.97,3244.65,0
12/10/2019 16:00:00,3244.92,3247.19,3228.36,3238.57,0
12/11/2019 16:00:00,3242.87,3275.5,3242.82,3271.81,0
12/12/2019 16:00:00,3272.37,3328.13,3272.28,3323.56,0
12/13/2019 16:00:00,3326.26,3361.32,3315.37,3334.34,0
12/16/2019 16:00:00,3336.78,3379.62,3336.78,3345.96,0
12/17/2019 16:00:00,3348.54,3370.01,3342.97,3365.61,0
12/18/2019 16:00:00,3365.02,3414.7,3362.57,3413.35,0
12/19/2019 16:00:00,3413.02,3426.15,3398.46,3415.56,0
12/20/2019 16:00:00,3416.23,3417.88,3382.39,3383.45,0
12/23/2019 16:00:00,3384.75,3405.97,3375.19,3401.08,0
12/24/2019 13:00:00,3402.12,3410.79,3400.22,3401,0
12/26/2019 16:00:00,3406.71,3446.61,3405.16,3443.57,0
12/27/2019 16:00:00,3446.33,3448.75,3412.94,3418.39,0
12/30/2019 16:00:00,3421.88,3435.1,3395.26,3396.46,0
12/31/2019 16:00:00,3395.12,3403.17,3387.71,3396.41,0
1/2/2020 16:00:00,3397.48,3482.34,3396.41,3481.75,0
1/3/2020 16:00:00,3469.89,3470.99,3443.79,3448.6,0
1/6/2020 16:00:00,3449.08,3450.12,3405.54,3425.94,0
1/7/2020 16:00:00,3425.58,3425.58,3393.67,3408.33,0
1/8/2020 16:00:00,3410.98,3430.89,3390.21,3403.62,0
1/9/2020 16:00:00,3403.25,3407.51,3361.23,3373.93,0
1/10/2020 16:00:00,3378.47,3402.9,3350.48,3360.9,0
1/13/2020 16:00:00,3359.27,3375.18,3347.42,3370.48,0
1/14/2020 16:00:00,3367.61,3373.95,3345.59,3370.18,0
1/15/2020 16:00:00,3367.96,3368.78,3301.14,3305.9,0
1/16/2020 16:00:00,3307.68,3326.4,3302.77,3324.57,0
1/17/2020 16:00:00,3326.97,3380.97,3326.3,3380.43,0
1/21/2020 16:00:00,3374.6,3375.37,3290.22,3290.87,0
1/22/2020 16:00:00,3296.04,3333.31,3295.58,3325.98,0
1/23/2020 16:00:00,3324.91,3352.35,3291.24,3348.69,0
1/24/2020 16:00:00,3346.91,3347.79,3300.21,3313.77,0
1/27/2020 16:00:00,3304.33,3304.79,3191.32,3195.18,0
1/28/2020 16:00:00,3197.27,3258.97,3197.08,3251.16,0
1/29/2020 16:00:00,3250.59,3253.91,3212.95,3213.82,0
1/30/2020 16:00:00,3209.64,3209.64,3146.56,3205.54,0
1/31/2020 16:00:00,3200.17,3202.87,3118.94,3133.64,0
2/3/2020 16:00:00,3138.33,3195.66,3137.62,3172.34,0
2/4/2020 16:00:00,3178.46,3246.9,3178.46,3223.62,0
2/5/2020 16:00:00,3228.45,3286.03,3228.27,3242.18,0
2/6/2020 16:00:00,3243.58,3265.6,3194.21,3205.35,0
2/7/2020 16:00:00,3200.28,3202.25,3151.23,3165.19,0
2/10/2020 16:00:00,3166.19,3166.38,3132.73,3151.09,0
2/11/2020 16:00:00,3156.39,3225.39,3154.87,3204.43,0
2/12/2020 16:00:00,3205.87,3252.12,3204.69,3224.08,0
2/13/2020 16:00:00,3220.8,3224.11,3183.69,3195.25,0
2/14/2020 16:00:00,3197.46,3214.92,3187.27,3197.56,0
2/18/2020 16:00:00,3191.08,3191.71,3145.02,3164.25,0
2/19/2020 16:00:00,3163.33,3194.44,3160.92,3193.14,0
2/20/2020 16:00:00,3185.66,3186.21,3131.15,3143.53,0
2/21/2020 16:00:00,3135.95,3136.48,3081.74,3104.88,0
2/24/2020 16:00:00,3094.62,3094.62,2968.29,2991.51,0
2/25/2020 16:00:00,2992.14,3000.45,2925.82,2940.14,0
2/26/2020 16:00:00,2939.44,2970.18,2858.11,2865.66,0
2/27/2020 16:00:00,2858.32,2867.18,2768.08,2778.99,0
2/28/2020 16:00:00,2770.37,2775.4,2676.36,2773.97,0
3/2/2020 16:00:00,2768.5,2866.75,2761.73,2862.73,0
3/3/2020 16:00:00,2861.28,2922.83,2804.61,2827.35,0
3/4/2020 16:00:00,2837.49,2872.51,2820.52,2869.57,0
3/5/2020 16:00:00,2861.39,2862.47,2699.01,2742.46,0
3/6/2020 16:00:00,2724.99,2725.29,2596.46,2621.47,0
3/9/2020 16:00:00,2568.86,2577.86,2256.63,2259.11,0
3/10/2020 16:00:00,2273.24,2436,2271.34,2425.73,0
3/11/2020 16:00:00,2419.41,2420.03,2168.91,2236.03,0
3/12/2020 16:00:00,2195.28,2199.43,1853.13,1955.07,0
3/13/2020 16:00:00,1968.45,2221.08,1967.21,2161.51,0
3/16/2020 16:00:00,2136.93,2136.93,1872.57,1876.81,0
3/17/2020 16:00:00,1878.71,1954.55,1815.94,1905.99,0
3/18/2020 16:00:00,1876.37,1876.37,1638.39,1691.21,0
3/19/2020 16:00:00,1678.63,1748.54,1602.33,1730.78,0
3/20/2020 16:00:00,1737.35,1811.95,1666.49,1672.78,0
3/23/2020 16:00:00,1670.79,1671.33,1543.28,1555.75,0
3/24/2020 16:00:00,1563.02,1743.04,1563.02,1719.62,0
3/25/2020 16:00:00,1722.68,1902.36,1722.68,1847.41,0
3/26/2020 16:00:00,1842.7,1953.56,1841.21,1918.73,0
3/27/2020 16:00:00,1909.96,1910.67,1775.41,1788.92,0
3/30/2020 16:00:00,1780.24,1802.88,1755.12,1796.61,0
3/31/2020 16:00:00,1799.34,1854.47,1786.71,1808.19,0
4/1/2020 16:00:00,1797.86,1797.94,1700.82,1726.48,0
4/2/2020 16:00:00,1730.39,1811.77,1726.06,1761.13,0
4/3/2020 16:00:00,1754.26,1757.09,1673.32,1698.66,0
4/6/2020 16:00:00,1701.44,1835.2,1700.53,1804.75,0
4/7/2020 16:00:00,1819.07,1939.34,1818.71,1854.03,0
4/8/2020 16:00:00,1851.99,1927.27,1851.98,1918.18,0
4/9/2020 16:00:00,1926.35,1992.47,1914.11,1933.48,0
4/13/2020 16:00:00,1929.77,1930.49,1873.22,1923.26,0
4/14/2020 16:00:00,1925.38,1986.99,1924.34,1940.1,0
4/15/2020 16:00:00,1920.11,1921.3,1850.59,1871.96,0
4/16/2020 16:00:00,1872.49,1881.72,1831.74,1835.35,0
4/17/2020 16:00:00,1839.87,1895.71,1838.98,1887.42,0
4/20/2020 16:00:00,1878.9,1879.69,1824.28,1839.65,0
4/21/2020 16:00:00,1804.74,1804.74,1776.07,1786.8,0
4/22/2020 16:00:00,1787.18,1827.84,1786.12,1812.29,0
4/23/2020 16:00:00,1814.22,1837.79,1779.02,1784.1,0
4/24/2020 16:00:00,1782.55,1784.45,1665.28,1697.16,0
4/27/2020 16:00:00,1701.61,1762.9,1701.53,1756.02,0
4/28/2020 16:00:00,1766.53,1863.5,1765.74,1859.42,0
4/29/2020 16:00:00,1866.95,1975.82,1864.67,1970.85,0
4/30/2020 16:00:00,1967.25,1967.28,1883.69,1894.83,0
5/1/2020 16:00:00,1859.46,1861.25,1824.14,1840.03,0
5/4/2020 16:00:00,1835.32,1842.06,1792.91,1840.22,0
5/5/2020 16:00:00,1845.72,1899.41,1844.7,1849.08,0
5/6/2020 16:00:00,1842.68,1844.89,1802.06,1813.4,0
5/7/2020 16:00:00,1814.94,1825.28,1783.21,1791.72,0
5/8/2020 16:00:00,1800.27,1877.14,1799.33,1873.49,0
5/11/2020 16:00:00,1867.84,1869.36,1828.21,1831.22,0
5/12/2020 16:00:00,1834.76,1863.34,1782.93,1784.36,0
5/13/2020 16:00:00,1791.07,1804.12,1731.96,1744.56,0
5/14/2020 16:00:00,1740.9,1782.49,1680.72,1781.3,0
5/15/2020 16:00:00,1779.3,1811.71,1757.29,1757.74,0
5/18/2020 16:00:00,1771.07,1883.12,1770.52,1878.1,0
5/19/2020 16:00:00,1883.68,1883.94,1836.39,1836.71,0
5/20/2020 16:00:00,1843.39,1887.11,1842.93,1880.07,0
5/21/2020 16:00:00,1888.11,1934.23,1886.39,1918.98,0
5/22/2020 16:00:00,1913.31,1919.85,1877.68,1912.99,0
5/26/2020 16:00:00,1952.47,2040.15,1952.42,2004.82,0
5/27/2020 16:00:00,2003.7,2071.4,2003.06,2071.16,0
5/28/2020 16:00:00,2071.23,2072.13,2018.77,2022.95,0
5/29/2020 16:00:00,2024.44,2031.02,1972.13,2022.87,0
6/1/2020 16:00:00,2022.33,2084.9,2018.22,2068.19,0
6/2/2020 16:00:00,2078.01,2174.42,2076.73,2173.45,0
6/3/2020 16:00:00,2186.79,2291.71,2185.74,2265.62,0
6/4/2020 16:00:00,2258.47,2283.58,2228.45,2276.12,0
6/5/2020 16:00:00,2290.8,2420.2,2290.41,2378.22,0
6/8/2020 16:00:00,2378.28,2479.6,2377.81,2478.85,0
6/9/2020 16:00:00,2466.27,2466.97,2393.1,2416.18,0
6/10/2020 16:00:00,2419.24,2432.74,2339.07,2341.69,0
6/11/2020 16:00:00,2272.47,2272.47,2181.27,2193.66,0
6/12/2020 16:00:00,2197.14,2275.89,2188.89,2250.49,0
6/15/2020 16:00:00,2232.74,2239.79,2137.18,2214.28,0
6/16/2020 16:00:00,2226.87,2295.37,2202.14,2226.17,0
6/17/2020 16:00:00,2225.21,2256.27,2216.44,2234.65,0
6/18/2020 16:00:00,2223.08,2224.51,2187.78,2193.44,0
6/19/2020 16:00:00,2201.12,2230.08,2191.81,2214.71,0
6/22/2020 16:00:00,2224.99,2250.7,2197.86,2207.9,0
6/23/2020 16:00:00,2220.16,2281.9,2219.75,2251.75,0
6/24/2020 16:00:00,2249.29,2249.92,2151.71,2168.47,0
6/25/2020 16:00:00,2167.27,2204.93,2155.56,2196.58,0
6/26/2020 16:00:00,2185.77,2186.89,2112.11,2116.55,0
6/29/2020 16:00:00,2119.05,2160.07,2116.17,2158.7,0
6/30/2020 16:00:00,2155,2166.28,2126.59,2145.2,0
7/1/2020 16:00:00,2154.07,2204.37,2153.98,2194.7,0
7/2/2020 16:00:00,2203.39,2265.49,2199.94,2218.19,0
7/6/2020 16:00:00,2234.92,2296.03,2234.92,2262.31,0
7/7/2020 16:00:00,2257.25,2274.34,2224.15,2225.97,0
7/8/2020 16:00:00,2230.66,2274.33,2230.66,2269.9,0
7/9/2020 16:00:00,2279.57,2293.6,2222.43,2234.66,0
7/10/2020 16:00:00,2232.46,2256.21,2213.81,2255.62,0
7/13/2020 16:00:00,2250.61,2279.56,2223.27,2224.16,0
7/14/2020 16:00:00,2223.14,2277.88,2197.87,2276.69,0
7/15/2020 16:00:00,2286.29,2321.7,2274.1,2290.1,0
7/16/2020 16:00:00,2292.12,2294.09,2261.17,2267.59,0
7/17/2020 16:00:00,2265.6,2288.71,2264.56,2269.44,0
7/20/2020 16:00:00,2268.83,2306.78,2263.09,2303.39,0
7/21/2020 16:00:00,2316.82,2377.95,2316.54,2357.45,0
7/22/2020 16:00:00,2365.85,2402.97,2364.94,2402.5,0
7/23/2020 16:00:00,2389.86,2395.73,2333.47,2339.15,0
7/24/2020 16:00:00,2340.11,2355.18,2303.2,2345.03,0
7/27/2020 16:00:00,2350.51,2424.21,2349.64,2422.51,0
7/28/2020 16:00:00,2419.03,2421.44,2395.72,2406.47,0
7/29/2020 16:00:00,2411.15,2436.03,2408.86,2426.39,0
7/30/2020 16:00:00,2420.89,2422.42,2367.96,2398.71,0
7/31/2020 16:00:00,2395.13,2397.87,2328.51,2331.97,0
8/3/2020 16:00:00,2323.02,2323.68,2293.92,2299.73,0
8/4/2020 16:00:00,2289.07,2297.84,2252.51,2280.29,0
8/5/2020 16:00:00,2286.49,2345.16,2284.96,2314.09,0
8/6/2020 16:00:00,2308.85,2324.42,2296.7,2318.57,0
8/7/2020 16:00:00,2313.7,2313.7,2263.4,2275.26,0
8/10/2020 16:00:00,2281.09,2311.1,2256.98,2274.74,0
8/11/2020 16:00:00,2282.61,2313.69,2274.17,2276.69,0
8/12/2020 16:00:00,2276.88,2298.17,2255.8,2278.53,0
8/13/2020 16:00:00,2284.3,2314.49,2267.36,2277.88,0
8/14/2020 16:00:00,2277.84,2298.64,2268.4,2275.08,0
8/17/2020 16:00:00,2275.26,2281.98,2221.9,2237.63,0
8/18/2020 16:00:00,2246.01,2297.23,2245.96,2282.98,0
8/19/2020 16:00:00,2285.92,2291.74,2250.27,2252.2,0
8/20/2020 16:00:00,2239.54,2250.72,2187.49,2246.66,0
8/21/2020 16:00:00,2245.13,2245.15,2205.39,2220.37,0
8/24/2020 16:00:00,2224.22,2252.78,2223.74,2240.99,0
8/25/2020 16:00:00,2246.95,2256.57,2223.62,2256.18,0
8/26/2020 16:00:00,2254.2,2257.12,2190.31,2207.45,0
8/27/2020 16:00:00,2209.78,2232.57,2190.11,2210.4,0
8/28/2020 16:00:00,2221.47,2284,2221.47,2281.87,0
8/31/2020 16:00:00,2277.92,2278.08,2197.47,2198.36,0
9/1/2020 16:00:00,2211.73,2288.67,2211.48,2281.69,0
9/2/2020 16:00:00,2283.23,2287.78,2257.41,2278.65,0
9/3/2020 16:00:00,2282.38,2318.46,2257,2273.43,0
9/4/2020 16:00:00,2279.64,2301.04,2233.83,2280.74,0
9/8/2020 16:00:00,2268.34,2269.81,2201.97,2219.21,0
9/9/2020 16:00:00,2224.79,2274.02,2223.99,2265.7,0
9/10/2020 16:00:00,2264.81,2281.76,2213.46,2217.2,0
9/11/2020 16:00:00,2225.2,2247.76,2211.93,2226.41,0
9/14/2020 16:00:00,2229.2,2284.48,2229.2,2278.11,0
9/15/2020 16:00:00,2285.34,2301.48,2269.97,2273.2,0
9/16/2020 16:00:00,2280.07,2300.93,2271.68,2278.79,0
9/17/2020 16:00:00,2272.86,2288.13,2241.93,2285.82,0
9/18/2020 16:00:00,2282.88,2284.35,2210.29,2211.77,0
9/21/2020 16:00:00,2193.94,2194.05,2122.53,2163.57,0
9/22/2020 16:00:00,2157.56,2177.81,2129.59,2146.05,0
9/23/2020 16:00:00,2133.47,2138.57,2063.49,2064.26,0
9/24/2020 16:00:00,2064.01,2139.21,2053.5,2118.32,0
9/25/2020 16:00:00,2107.95,2109.93,2065.19,2104.51,0
9/28/2020 16:00:00,2110.44,2148.59,2058.5,2072.17,0
9/29/2020 16:00:00,2078.14,2087.46,2041.56,2043.28,0
9/30/2020 16:00:00,2045.56,2098.1,2045.56,2085.82,0
10/1/2020 16:00:00,2092.95,2093.54,2049.75,2073.64,0
10/2/2020 16:00:00,2074.17,2091.58,2053.06,2063.75,0
10/5/2020 16:00:00,2067.81,2132.83,2066.5,2126.26,0
10/6/2020 16:00:00,2131.66,2162.56,2092.77,2105.18,0
10/7/2020 16:00:00,2110.36,2129.53,2098.37,2111.36,0
10/8/2020 16:00:00,2115.29,2185.73,2110.41,2182.55,0
10/9/2020 16:00:00,2187.82,2226.03,2180.31,2209.8,0
10/12/2020 16:00:00,2209.91,2209.91,2199.3,2205.98,0
10/13/2020 16:00:00,2205.47,2207.84,2166.14,2193.3,0
10/14/2020 16:00:00,2195.61,2212.37,2188.33,2195.6,0
10/15/2020 16:00:00,2190.33,2191.24,2154.47,2178.9,0
10/16/2020 16:00:00,2182.57,2185.74,2161.16,2162.8,0
10/19/2020 16:00:00,2169.98,2208.31,2166.18,2175.16,0
10/20/2020 16:00:00,2175.23,2238.04,2174.93,2223.83,0
10/21/2020 16:00:00,2229.2,2262.17,2219.03,2239.07,0
10/22/2020 16:00:00,2237.32,2278.59,2235.19,2275.01,0
10/23/2020 16:00:00,2279.11,2285.99,2264.24,2267.02,0
10/26/2020 16:00:00,2260.77,2264.05,2220.16,2245.95,0
10/27/2020 16:00:00,2248.36,2251.31,2200.18,2202.45,0
10/28/2020 16:00:00,2188.79,2188.95,2099.97,2101.16,0
10/29/2020 16:00:00,2097.22,2121.16,2056.01,2112.95,0
10/30/2020 16:00:00,2115.26,2119.06,2071.36,2087.08,0
11/2/2020 16:00:00,2085.98,2102.72,2085.4,2098.71,0
11/3/2020 16:00:00,2108.03,2154.73,2107.52,2134.91,0
11/4/2020 16:00:00,2142.74,2197.16,2139.9,2172.61,0
11/5/2020 16:00:00,2185.21,2285.76,2185,2284.71,0
11/6/2020 16:00:00,2279.37,2339.04,2269.65,2335.77,0
11/9/2020 16:00:00,2355.68,2471.91,2355.68,2423.19,0
11/10/2020 16:00:00,2421.76,2470.44,2415.85,2463.42,0
11/11/2020 16:00:00,2455.78,2475.67,2450.02,2469.24,0
11/12/2020 16:00:00,2471.01,2471.37,2379.99,2395.73,0
11/13/2020 16:00:00,2395.77,2445.58,2395.3,2445.25,0
11/16/2020 16:00:00,2457.8,2497.15,2451.65,2495.93,0
11/17/2020 16:00:00,2496.37,2567.51,2487.14,2561.72,0
11/18/2020 16:00:00,2566.1,2585.7,2539.32,2540.44,0
11/19/2020 16:00:00,2541.76,2568.47,2525.76,2560.59,0
11/20/2020 16:00:00,2560.36,2561.77,2520.55,2527.1,0
11/23/2020 16:00:00,2535.2,2556.66,2529.22,2554.55,0
11/24/2020 16:00:00,2558.51,2649.91,2558.26,2649.22,0
11/25/2020 16:00:00,2649.58,2667.63,2634.75,2659.97,0
11/27/2020 13:00:00,2660.29,2671.61,2646.22,2647.11,0
11/30/2020 16:00:00,2651.88,2652.47,2590.12,2598.37,0
12/1/2020 16:00:00,2603.63,2734.69,2603.63,2724.96,0
12/2/2020 16:00:00,2720.64,2749.57,2696.36,2747.49,0
12/3/2020 16:00:00,2751.17,2815.77,2750.56,2787.5,0
12/4/2020 16:00:00,2792.45,2839.89,2784.58,2831.03,0
12/7/2020 16:00:00,2823.89,2855.78,2801.27,2822.85,0
12/8/2020 16:00:00,2824.42,2858.52,2808.58,2820.61,0
12/9/2020 16:00:00,2823.75,2834.98,2764.55,2789.45,0
12/10/2020 16:00:00,2793.31,2899.67,2779.58,2894.28,0
12/11/2020 16:00:00,2887.44,2891.57,2851.18,2876.37,0
12/14/2020 16:00:00,2882.98,2891.26,2831.56,2843.79,0
12/15/2020 16:00:00,2848.31,2905.09,2845.36,2895.27,0
12/16/2020 16:00:00,2894.09,2936.64,2871.21,2934.25,0
12/17/2020 16:00:00,2940.62,2983.97,2937.76,2964.91,0
12/18/2020 16:00:00,2962.18,2977.58,2926.12,2939.98,0
12/21/2020 16:00:00,2912.45,2918.21,2854.6,2877.23,0
12/22/2020 16:00:00,2872.89,2896.08,2854.56,2870.01,0
12/23/2020 16:00:00,2874.85,2905.67,2872.03,2895.68,0
12/24/2020 13:00:00,2897.5,2903.22,2883.29,2900.22,0
12/28/2020 16:00:00,2905.61,2910.97,2875.96,2902.95,0
12/29/2020 16:00:00,2906.33,2941.2,2905.23,2934.36,0
12/30/2020 16:00:00,2939.09,2958.46,2931.74,2939.76,0
12/31/2020 16:00:00,2941.39,2941.39,2921.48,2924.59,0
1/4/2021 16:00:00,2936.86,2990.37,2903.52,2917.09,0
1/5/2021 16:00:00,2908.92,2956.91,2876.37,2952.91,0
1/6/2021 16:00:00,2963.28,3029.54,2942.2,2980.45,0
1/7/2021 16:00:00,2972.45,3018.33,2971.46,3013.36,0
1/8/2021 16:00:00,3020.57,3055.33,3009.48,3041.42,0
1/11/2021 16:00:00,3027.74,3027.81,2956.72,2973.96,0
1/12/2021 16:00:00,2979.6,3043.2,2975.29,3036.57,0
1/13/2021 16:00:00,3031.2,3042.15,2970.43,2988.83,0
1/14/2021 16:00:00,2993.81,3073.09,2989.75,3065.78,0
1/15/2021 16:00:00,3056.9,3056.9,2944.38,2945.95,0
1/19/2021 16:00:00,2982.17,2989.2,2927.22,2947.96,0
1/20/2021 16:00:00,2951,2976.62,2931.19,2946.58,0
1/21/2021 16:00:00,2953.53,2955.93,2883.61,2892.27,0
1/22/2021 16:00:00,2879.65,2879.87,2804.09,2829.8,0
1/25/2021 16:00:00,2829.78,2830.54,2777.63,2804.15,0
1/26/2021 16:00:00,2809.54,2861.69,2808.77,2826.92,0
1/27/2021 16:00:00,2819.95,2822.02,2735.58,2759.61,0
1/28/2021 16:00:00,2756.65,2820.74,2748.42,2808.16,0
1/29/2021 16:00:00,2809.76,2810.18,2697.67,2700.78,0
2/1/2021 16:00:00,2710.77,2768.39,2710.18,2758.64,0
2/2/2021 16:00:00,2765.9,2843.91,2765.26,2815.69,0
2/3/2021 16:00:00,2818.48,2857.29,2813.27,2835.25,0
2/4/2021 16:00:00,2830.3,2837.06,2800.19,2816.24,0
2/5/2021 16:00:00,2816.42,2893.56,2815.69,2871.09,0
2/8/2021 16:00:00,2864.69,2897.8,2851.88,2871.8,0
2/9/2021 16:00:00,2873.13,2893.98,2825.45,2887.19,0
2/10/2021 16:00:00,2883.99,2893.61,2857.96,2879.69,0
2/11/2021 16:00:00,2886.32,2911.58,2862.31,2881.19,0
2/12/2021 16:00:00,2876.21,2906.58,2848.94,2895.05,0
2/16/2021 16:00:00,2893.11,2932.15,2887.94,2923.01,0
2/17/2021 16:00:00,2918.13,2920.1,2883.21,2913.97,0
2/18/2021 16:00:00,2916.53,2919.11,2857.78,2871.18,0
2/19/2021 16:00:00,2870.93,2906.51,2865.31,2878.97,0
2/22/2021 16:00:00,2861.05,2861.34,2702.18,2726.74,0
2/23/2021 16:00:00,2729.57,2805.23,2706.05,2799.03,0
2/24/2021 16:00:00,2808.53,2824.14,2780.49,2818.56,0
2/25/2021 16:00:00,2809.15,2812.3,2680.93,2691.46,0
2/26/2021 16:00:00,2689.49,2714.17,2638.27,2639.01,0
3/1/2021 16:00:00,2642.31,2706.39,2642.31,2664.61,0
3/2/2021 16:00:00,2660.03,2717.42,2617.87,2696.43,0
3/3/2021 16:00:00,2692.11,2709.66,2612.55,2690.27,0
3/4/2021 16:00:00,2695.67,2746.09,2639.24,2663.54,0
3/5/2021 16:00:00,2660.5,2696.67,2630.02,2694.21,0
3/8/2021 16:00:00,2682.51,2684.58,2588.59,2591.33,0
3/9/2021 16:00:00,2601.43,2654.34,2581.8,2629.32,0
3/10/2021 16:00:00,2630.16,2710.95,2629.03,2706.06,0
3/11/2021 16:00:00,2715.13,2802.3,2713.2,2797.09,0
3/12/2021 16:00:00,2783.91,2786.28,2736.9,2760.46,0
3/15/2021 16:00:00,2763.26,2764.34,2721.23,2745.14,0
3/16/2021 16:00:00,2750.94,2757.55,2718.24,2730.83,0
3/17/2021 16:00:00,2718.51,2780.54,2701.94,2769.02,0
3/18/2021 16:00:00,2770.4,2784.97,2727.65,2735.29,0
3/19/2021 16:00:00,2740.6,2782.83,2726.02,2762.34,0
3/22/2021 16:00:00,2753.68,2753.68,2710.58,2742.67,0
3/23/2021 16:00:00,2735.13,2747.3,2678.47,2681.04,0
3/24/2021 16:00:00,2685.88,2707.41,2635.29,2640.96,0
3/25/2021 16:00:00,2640.02,2658.36,2603.94,2655.01,0
3/26/2021 16:00:00,2650.04,2689.37,2625.02,2670.34,0
3/29/2021 16:00:00,2662.88,2675.48,2629.75,2667.41,0
3/30/2021 16:00:00,2664.65,2698.43,2659.48,2696.54,0
3/31/2021 16:00:00,2701.06,2733.31,2698.19,2722.58,0
4/1/2021 16:00:00,2725.7,2733.59,2689.2,2696.81,0
4/5/2021 16:00:00,2701.59,2756.85,2701.36,2753.95,0
4/6/2021 16:00:00,2759,2787.18,2758.26,2772.11,0
4/7/2021 16:00:00,2770.48,2788.57,2751.71,2761.67,0
4/8/2021 16:00:00,2769.68,2820.74,2768.9,2806.84,0
4/9/2021 16:00:00,2798.58,2798.58,2756.17,2759.04,0
4/12/2021 16:00:00,2765.61,2773.65,2734.85,2748.32,0
4/13/2021 16:00:00,2749.23,2778.3,2729.89,2759.61,0
4/14/2021 16:00:00,2758.53,2820.44,2758.3,2808.97,0
4/15/2021 16:00:00,2818.17,2839.3,2817.25,2831.56,0
4/16/2021 16:00:00,2826.89,2857.35,2807.85,2849.32,0
4/19/2021 16:00:00,2853.45,2863.81,2834.52,2844,0
4/20/2021 16:00:00,2842.91,2846.48,2807.03,2815.03,0
4/21/2021 16:00:00,2810.14,2829.63,2792.66,2825.26,0
4/22/2021 16:00:00,2831.13,2846.86,2812.08,2832.22,0
4/23/2021 16:00:00,2834.88,2856.95,2824.78,2842.05,0
4/26/2021 16:00:00,2845.97,2877.17,2844.58,2864.41,0
4/27/2021 16:00:00,2861.66,2884.56,2837.54,2840.83,0
4/28/2021 16:00:00,2845.92,2897.96,2845.92,2894.07,0
4/29/2021 16:00:00,2891.6,2901.39,2847.58,2867.3,0
4/30/2021 16:00:00,2865.79,2866.13,2786.08,2786.64,0
5/3/2021 16:00:00,2788.24,2828.72,2787.78,2803.52,0
5/4/2021 16:00:00,2796.79,2798.31,2759.98,2777.48,0
5/5/2021 16:00:00,2780.02,2840.12,2780,2829.81,0
5/6/2021 16:00:00,2834.71,2888.55,2829.13,2887.93,0
5/7/2021 16:00:00,2897.77,2952.94,2897.77,2951.82,0
5/10/2021 16:00:00,2953.25,2995.95,2948.04,2969.81,0
5/11/2021 16:00:00,2966.99,2981.32,2916.82,2981.11,0
5/12/2021 16:00:00,2979.26,2981.25,2878.83,2882.47,0
5/13/2021 16:00:00,2884.6,2926.3,2869.16,2894.18,0
5/14/2021 16:00:00,2901.72,2954.04,2901.49,2952.65,0
5/17/2021 16:00:00,2943.37,2958.35,2905.2,2952.19,0
5/18/2021 16:00:00,2951.62,2979.72,2949.32,2961.53,0
5/19/2021 16:00:00,2954.45,2956.49,2888.97,2910.18,0
5/20/2021 16:00:00,2914.87,2932.45,2908.45,2930.55,0
5/21/2021 16:00:00,2930.71,2932.38,2877.86,2901.21,0
5/24/2021 16:00:00,2903.55,2919.44,2902.32,2912.29,0
5/25/2021 16:00:00,2913.05,2931.29,2870.23,2871.64,0
5/26/2021 16:00:00,2874.88,2916.9,2873.33,2912.12,0
5/27/2021 16:00:00,2913.88,2953.37,2911.38,2950,0
5/28/2021 16:00:00,2947.86,3012.34,2947.7,3011.39,0
6/1/2021 16:00:00,3031.87,3107.07,3031.76,3088.72,0
6/2/2021 16:00:00,3088.2,3156.92,3074.32,3153.78,0
6/3/2021 16:00:00,3144.58,3144.58,3114.15,3125.53,0
6/4/2021 16:00:00,3130.66,3171.13,3130.28,3170.26,0
6/7/2021 16:00:00,3174.18,3194.83,3150.29,3181.86,0
6/8/2021 16:00:00,3181.86,3186.9,3143.83,3163.69,0
6/9/2021 16:00:00,3166.74,3171.32,3146.9,3149.29,0
6/10/2021 16:00:00,3153.61,3176.98,3139.48,3149.93,0
6/11/2021 16:00:00,3145.51,3157.24,3115.86,3136.38,0
6/14/2021 16:00:00,3138.43,3182.36,3138.11,3155.29,0
6/15/2021 16:00:00,3152.03,3154.66,3107.99,3152.1,0
6/16/2021 16:00:00,3151.72,3160.72,3083.45,3113.68,0
6/17/2021 16:00:00,3105.64,3139.92,3074.83,3087.67,0
6/18/2021 16:00:00,3087.17,3099.5,3051.69,3074.02,0
6/21/2021 16:00:00,3079.09,3117.49,3076.25,3114.15,0
6/22/2021 16:00:00,3107.94,3140.63,3076.33,3135.46,0
6/23/2021 16:00:00,3142.86,3181.76,3137.85,3146.09,0
6/24/2021 16:00:00,3155.59,3206.09,3154.76,3200.18,0
6/25/2021 16:00:00,3204.2,3214.44,3141.74,3153.26,0
6/28/2021 16:00:00,3151.18,3162.87,3120.64,3149.07,0
6/29/2021 16:00:00,3147.03,3153.09,3119.77,3149.8,0
6/30/2021 16:00:00,3148.23,3148.36,3101.1,3127.19,0
7/1/2021 16:00:00,3128.23,3134.27,3061.48,3071.43,0
7/2/2021 16:00:00,3083.81,3118.32,3066.22,3108.34,0
7/6/2021 16:00:00,3099.65,3099.94,2990.26,2991.3,0
7/7/2021 16:00:00,2993.94,3020.18,2962.09,3002.06,0
7/8/2021 16:00:00,2991.91,2993.91,2913.1,2956.9,0
7/9/2021 16:00:00,2963.37,3002.59,2963.37,2995.34,0
7/12/2021 16:00:00,2994.51,3032.06,2982.7,3029.11,0
7/13/2021 16:00:00,3017.58,3025.43,2997.86,3017.25,0
7/14/2021 16:00:00,3029.75,3080.67,3029.44,3051,0
7/15/2021 16:00:00,3047.28,3064.82,3012.25,3031.25,0
7/16/2021 16:00:00,3034.49,3048.48,2992.68,2999.55,0
7/19/2021 16:00:00,2987.45,2988.91,2891.09,2905.87,0
7/20/2021 16:00:00,2903.28,2957.79,2874.5,2942.78,0
7/21/2021 16:00:00,2936.1,2997.59,2936.02,2991.26,0
7/22/2021 16:00:00,2993.71,2995.54,2961.36,2983.42,0
7/23/2021 16:00:00,2989.71,3000.78,2951.58,2968.03,0
7/26/2021 16:00:00,2964.41,3019.17,2962.9,3009.01,0
7/27/2021 16:00:00,3008.85,3009.68,2964.08,2988.62,0
7/28/2021 16:00:00,2987.73,3063.1,2986.83,3057.7,0
7/29/2021 16:00:00,3062.23,3085.57,3057.97,3078.25,0
7/30/2021 16:00:00,3075.4,3077.73,2937.54,2940.3,0
8/2/2021 16:00:00,2949.9,3025.12,2949.29,2954.43,0
8/3/2021 16:00:00,2954.65,2988.81,2904.6,2983.26,0
8/4/2021 16:00:00,2985.47,2985.86,2914.79,2943.29,0
8/5/2021 16:00:00,2949.38,3003.27,2935.2,2948.18,0
8/6/2021 16:00:00,2943,2969.06,2932.95,2950.91,0
8/9/2021 16:00:00,2948.34,2961.79,2917.1,2942.19,0
8/10/2021 16:00:00,2941.09,2978.96,2934.59,2960.03,0
8/11/2021 16:00:00,2964.55,2980.67,2939.89,2971.41,0
8/12/2021 16:00:00,2972.49,2972.49,2931.19,2933.58,0
8/13/2021 16:00:00,2937.94,2963.33,2921.95,2952.38,0
8/16/2021 16:00:00,2950.02,2952.14,2893.76,2897.62,0
8/17/2021 16:00:00,2894.93,2895.22,2821.21,2862.63,0
8/18/2021 16:00:00,2864.2,2866.43,2809.44,2812.2,0
8/19/2021 16:00:00,2801.49,2801.82,2734.01,2764.29,0
8/20/2021 16:00:00,2752.67,2781.49,2731.01,2778.37,0
8/23/2021 16:00:00,2783.18,2803.49,2777.2,2796.09,0
8/24/2021 16:00:00,2800.71,2894.55,2800.31,2881.03,0
8/25/2021 16:00:00,2879.2,2910.38,2856.62,2908.81,0
8/26/2021 16:00:00,2903.76,2903.76,2848.12,2853.46,0
8/27/2021 16:00:00,2855.93,2923.76,2853.49,2923.59,0
8/30/2021 16:00:00,2922.33,2927.35,2891.49,2913,0
8/31/2021 16:00:00,2915.52,2938.39,2896.11,2914.43,0
9/1/2021 16:00:00,2921.52,2925.64,2894.28,2902.88,0
9/2/2021 16:00:00,2905.13,2905.58,2851.64,2857.87,0
9/3/2021 16:00:00,2865.05,2876.22,2840.76,2852.03,0
9/7/2021 16:00:00,2866.05,2884.72,2855.01,2855.54,0
9/8/2021 16:00:00,2851.72,2853.27,2728.38,2732.09,0
9/9/2021 16:00:00,2734.33,2795.5,2711.34,2773.33,0
9/10/2021 16:00:00,2779.94,2815.82,2766.59,2766.98,0
9/13/2021 16:00:00,2773.67,2822.39,2772.67,2801.91,0
9/14/2021 16:00:00,2800.06,2813.85,2772.37,2779.69,0
9/15/2021 16:00:00,2781.13,2785.84,2764.45,2780.91,0
9/16/2021 16:00:00,2780.21,2781.25,2728.69,2747.21,0
9/17/2021 16:00:00,2745.73,2745.87,2678.3,2689.33,0
9/20/2021 16:00:00,2676.63,2677.22,2574.22,2611.48,0
9/21/2021 16:00:00,2616.06,2658.54,2607.31,2642.12,0
9/22/2021 16:00:00,2646.08,2724.57,2644.2,2691.07,0
9/23/2021 16:00:00,2695.97,2697.69,2653.98,2681.53,0
9/24/2021 16:00:00,2674.13,2674.13,2640.8,2644.83,0
9/27/2021 16:00:00,2644.31,2669.98,2633.94,2654.26,0
9/28/2021 16:00:00,2646.97,2648.4,2561.84,2567.02,0
9/29/2021 16:00:00,2566.09,2600.55,2559.66,2572.54,0
9/30/2021 16:00:00,2576.31,2601.74,2557.03,2569.75,0
10/1/2021 16:00:00,2574.75,2630.17,2573.65,2623.09,0
10/4/2021 16:00:00,2619.54,2620.44,2557.12,2567.47,0
10/5/2021 16:00:00,2567.43,2587.75,2550.9,2557.69,0
10/6/2021 16:00:00,2549.44,2555.64,2493.75,2553.76,0
10/7/2021 16:00:00,2554.45,2580.94,2547.32,2554.23,0
10/8/2021 16:00:00,2556.54,2593.07,2554.8,2562,0
10/11/2021 16:00:00,2561.16,2584.56,2542.24,2543.11,0
10/12/2021 16:00:00,2545.75,2561.04,2543.75,2552.1,0
10/13/2021 16:00:00,2555.79,2579.14,2535.71,2573.98,0
10/14/2021 16:00:00,2576.46,2590.84,2567.97,2576.65,0
10/15/2021 16:00:00,2577.51,2645.21,2576.78,2642.84,0
10/18/2021 16:00:00,2636.11,2636.11,2586.3,2620.98,0
10/19/2021 16:00:00,2619.8,2621.03,2546.85,2560.19,0
10/20/2021 16:00:00,2561.08,2600.39,2555.66,2581.08,0
10/21/2021 16:00:00,2569.16,2572.75,2468.12,2505.01,0
10/22/2021 16:00:00,2504.63,2505.89,2424.51,2489.33,0
10/25/2021 16:00:00,2489.28,2566.25,2489.08,2558.01,0
10/26/2021 16:00:00,2558.59,2560.13,2518.74,2536.79,0
10/27/2021 16:00:00,2538.74,2552.11,2494.69,2501.71,0
10/28/2021 16:00:00,2494.78,2504.87,2471.36,2480.66,0
10/29/2021 16:00:00,2477.52,2484.71,2420.38,2420.98,0
11/1/2021 16:00:00,2417.69,2453.42,2417.51,2449.17,0
11/2/2021 16:00:00,2449.26,2452.07,2415.15,2423.04,0
11/3/2021 16:00:00,2421.77,2461.99,2403.87,2450.6,0
11/4/2021 16:00:00,2447.61,2448.84,2393.93,2405.78,0
11/5/2021 16:00:00,2405.42,2454.46,2403.52,2436.81,0
11/8/2021 16:00:00,2430.2,2465.32,2425.18,2450.6,0
11/9/2021 16:00:00,2452.34,2488.69,2451.27,2468.13,0
11/10/2021 16:00:00,2464.78,2490.45,2442.54,2451.6,0
11/11/2021 16:00:00,2458.65,2522.31,2458.03,2501.02,0
11/12/2021 16:00:00,2498.94,2504.05,2466.4,2478.37,0
11/15/2021 16:00:00,2478.16,2478.7,2465.76,2471.09,0
11/16/2021 16:00:00,2472.69,2474.13,2417.97,2424.24,0
11/17/2021 16:00:00,2427.15,2433.24,2368.69,2375,0
11/18/2021 16:00:00,2369.36,2374.74,2323.4,2332.45,0
11/19/2021 16:00:00,2331.98,2357.75,2324.77,2328.15,0
11/22/2021 16:00:00,2329.1,2377.69,2329.1,2338.09,0
11/23/2021 16:00:00,2330.55,2367.43,2315.58,2365.9,0
11/24/2021 16:00:00,2365.14,2374.02,2337.21,2369.57,0
11/26/2021 13:00:00,2356.84,2360.26,2279.61,2301.89,0
11/29/2021 16:00:00,2300.89,2330.81,2291.88,2311.9,0
11/30/2021 16:00:00,2315.59,2323.4,2262.64,2297.81,0
12/1/2021 16:00:00,2303.46,2362.97,2270.75,2271.83,0
12/2/2021 16:00:00,2276.62,2339.02,2274.76,2338.38,0
12/3/2021 16:00:00,2338.19,2371.47,2303.41,2323.02,0
12/6/2021 16:00:00,2321.92,2360.53,2320.31,2351.97,0
12/7/2021 16:00:00,2354.17,2401.16,2353.52,2398.13,0
12/8/2021 16:00:00,2400.54,2422.87,2395.83,2420.52,0
12/9/2021 16:00:00,2418.63,2419.68,2378.3,2386.04,0
12/10/2021 16:00:00,2385.58,2401.6,2379.24,2393.64,0
12/13/2021 16:00:00,2392.52,2407.96,2345.91,2346.73,0
12/14/2021 16:00:00,2346.26,2373.59,2330.33,2332.89,0
12/15/2021 16:00:00,2335.48,2347.54,2299.23,2345.15,0
12/16/2021 16:00:00,2347.46,2395.86,2347.46,2385.37,0
12/17/2021 16:00:00,2383.89,2393.03,2353.29,2378.94,0
12/20/2021 16:00:00,2374.54,2374.54,2294.42,2305.13,0
12/21/2021 16:00:00,2305.42,2328.27,2300.98,2322.44,0
12/22/2021 16:00:00,2324.64,2344.74,2304.93,2343.74,0
12/23/2021 16:00:00,2345.42,2357.19,2328.69,2350.68,0
12/27/2021 16:00:00,2352.83,2381.19,2345.92,2380.7,0
12/28/2021 16:00:00,2379.86,2384.1,2362.58,2366.73,0
12/29/2021 16:00:00,2368.22,2370.64,2337.14,2337.85,0
12/30/2021 16:00:00,2339.35,2394.45,2339.15,2387.4,0
12/31/2021 16:00:00,2390.17,2393.31,2380.25,2382.58,0
1/3/2022 16:00:00,2382.44,2388.35,2365.55,2367.51,0
1/4/2022 16:00:00,2362.99,2380.69,2350.32,2355.86,0
1/5/2022 16:00:00,2359.73,2377.17,2317.41,2321.57,0
1/6/2022 16:00:00,2320.16,2357.14,2319.91,2349.11,0
1/7/2022 16:00:00,2350.86,2395.78,2344.89,2395.56,0
1/10/2022 16:00:00,2394.01,2394.45,2349.45,2367.65,0
1/11/2022 16:00:00,2367.29,2439.53,2366.43,2439.07,0
1/12/2022 16:00:00,2436.51,2502.11,2436.51,2499.04,0
1/13/2022 16:00:00,2496.5,2519.05,2493.81,2502.58,0
1/14/2022 16:00:00,2502.77,2525.96,2485.62,2524.07,0
1/18/2022 16:00:00,2521.11,2527.05,2488.35,2499.23,0
1/19/2022 16:00:00,2503.72,2556.15,2503.72,2536.08,0
1/20/2022 16:00:00,2536.09,2582.13,2535.54,2540.54,0
1/21/2022 16:00:00,2539.5,2560.59,2514.86,2522.73,0
1/24/2022 16:00:00,2517.72,2518.38,2421.27,2486.07,0
1/25/2022 16:00:00,2481.38,2541.31,2455.04,2532.71,0
1/26/2022 16:00:00,2536.01,2591.22,2530.18,2548.1,0
1/27/2022 16:00:00,2553.75,2601,2536.35,2557.45,0
1/28/2022 16:00:00,2553.98,2568.32,2529.47,2551.68,0
1/31/2022 16:00:00,2550.6,2591.16,2549.05,2583.88,0
2/1/2022 16:00:00,2589.55,2637.8,2584.91,2636.92,0
2/2/2022 16:00:00,2639.6,2644.3,2586.65,2609.15,0
2/3/2022 16:00:00,2605.58,2610.2,2567.68,2571.24,0
2/4/2022 16:00:00,2569.45,2588,2548.34,2580.09,0
2/7/2022 16:00:00,2582.96,2610.89,2578.11,2601.87,0
2/8/2022 16:00:00,2599.84,2626.62,2579.69,2625.51,0
2/9/2022 16:00:00,2629.22,2657.27,2616.9,2645.3,0
2/10/2022 16:00:00,2649.41,2700.11,2639.97,2660.33,0
2/11/2022 16:00:00,2668.6,2736.26,2666.39,2688,0
2/14/2022 16:00:00,2689.22,2702.58,2667.56,2679.05,0
2/15/2022 16:00:00,2681.65,2720.79,2680.88,2719,0
2/16/2022 16:00:00,2720.46,2764.37,2715.42,2751.59,0
2/17/2022 16:00:00,2752.33,2754.53,2665.31,2673.31,0
2/18/2022 16:00:00,2677.27,2698.69,2664.8,2670.97,0
2/22/2022 16:00:00,2661.06,2712.98,2659.19,2697.89,0
2/23/2022 16:00:00,2701.7,2727.62,2688.49,2700.29,0
2/24/2022 16:00:00,2688.62,2688.74,2564.87,2639.71,0
2/25/2022 16:00:00,2647.2,2695.47,2627.37,2694.74,0
2/28/2022 16:00:00,2689.49,2725.09,2671.01,2723.51,0
3/1/2022 16:00:00,2721.47,2778.7,2715.41,2725.44,0
3/2/2022 16:00:00,2722.78,2767.88,2718.26,2763.56,0
3/3/2022 16:00:00,2761.19,2822.93,2760.28,2809.01,0
3/4/2022 16:00:00,2799.2,2801.48,2739.67,2781.16,0
3/7/2022 16:00:00,2777.82,2783.63,2691.06,2697.53,0
3/8/2022 16:00:00,2701.91,2742.29,2683.62,2718.92,0
3/9/2022 16:00:00,2730.51,2775.74,2729.51,2770.47,0
3/10/2022 16:00:00,2765.04,2771.27,2726.23,2769.49,0
3/11/2022 16:00:00,2774.06,2790.08,2721.32,2725.97,0
3/14/2022 16:00:00,2729.36,2738.53,2651.67,2658.78,0
3/15/2022 16:00:00,2661.34,2662.22,2599.53,2630.66,0
3/16/2022 16:00:00,2635.77,2700.57,2634.47,2699.15,0
3/17/2022 16:00:00,2702.54,2774.25,2697.81,2771.16,0
3/18/2022 16:00:00,2771.38,2838.86,2752.2,2837.51,0
3/21/2022 16:00:00,2835.9,2906.37,2830.91,2899.52,0
3/22/2022 16:00:00,2905.47,2934.92,2904.11,2917.34,0
3/23/2022 16:00:00,2921.22,2975.48,2914.31,2953.86,0
3/24/2022 16:00:00,2958.61,3004.69,2951.47,3001.99,0
3/25/2022 16:00:00,3007.64,3024.42,3003.14,3020.28,0
3/28/2022 16:00:00,3018.26,3018.26,2970.04,2998.36,0
3/29/2022 16:00:00,3007.64,3042.58,3003.83,3040.92,0
3/30/2022 16:00:00,3041.63,3055.22,3023.02,3035.7,0
3/31/2022 16:00:00,3035.26,3069.23,3032.23,3051.86,0
4/1/2022 16:00:00,3059.7,3122.62,3059.7,3117.6,0
4/4/2022 16:00:00,3122.89,3139.87,3115.49,3130.4,0
4/5/2022 16:00:00,3131.34,3133.73,3038,3038.3,0
4/6/2022 16:00:00,3035.8,3035.8,2982.83,3007.44,0
4/7/2022 16:00:00,3011.27,3024.48,2976.92,3014.65,0
4/8/2022 16:00:00,3014.66,3014.66,2968.17,2999.33,0
4/11/2022 16:00:00,3001.77,3002.01,2967.62,2987.27,0
4/12/2022 16:00:00,2998.81,3041.91,2968.2,2971.61,0
4/13/2022 16:00:00,2974.18,2996.95,2967.64,2988.21,0
4/14/2022 16:00:00,2978.35,2979.42,2905.56,2920.91,0
4/18/2022 16:00:00,2922.93,2943.2,2918.2,2930.94,0
4/19/2022 16:00:00,2927.83,2934.66,2895.43,2916.93,0
4/20/2022 16:00:00,2916.69,2923.49,2886.87,2912.76,0
4/21/2022 16:00:00,2911.37,2911.37,2822.27,2834.17,0
4/22/2022 16:00:00,2821.75,2821.75,2728.28,2739.05,0
4/25/2022 16:00:00,2737.72,2737.74,2626.68,2683.48,0
4/26/2022 16:00:00,2675.68,2675.73,2589.62,2590.63,0
4/27/2022 16:00:00,2588.71,2638.69,2588.51,2619.29,0
4/28/2022 16:00:00,2609.85,2650.83,2570.83,2640.42,0
4/29/2022 16:00:00,2652.09,2703.7,2596.5,2598.84,0
5/2/2022 16:00:00,2592.07,2595.01,2504.46,2540.14,0
5/3/2022 16:00:00,2548.54,2582.77,2545.37,2574.16,0
5/4/2022 16:00:00,2573.13,2645.28,2529.21,2639.19,0
5/5/2022 16:00:00,2630.86,2632.49,2500.59,2536.5,0
5/6/2022 16:00:00,2532,2558.43,2474.11,2512.72,0
5/9/2022 16:00:00,2504.3,2504.93,2417.6,2420.44,0
5/10/2022 16:00:00,2424.85,2457.65,2403.28,2429.23,0
5/11/2022 16:00:00,2425.74,2507.04,2424.58,2462.68,0
5/12/2022 16:00:00,2458.93,2503.89,2424.33,2483.66,0
5/13/2022 16:00:00,2483.37,2557.07,2481.81,2549.54,0
5/16/2022 16:00:00,2546.59,2601.96,2545.44,2586.49,0
5/17/2022 16:00:00,2596.38,2662.72,2596.38,2655.4,0
5/18/2022 16:00:00,2656.05,2657.3,2572.4,2581.23,0
5/19/2022 16:00:00,2592.15,2662.98,2591.01,2641.55,0
5/20/2022 16:00:00,2644.93,2704.41,2644.93,2689.09,0
5/23/2022 16:00:00,2695.35,2770.86,2695.35,2758.09,0
5/24/2022 16:00:00,2760.99,2762.61,2651.81,2709.8,0
5/25/2022 16:00:00,2705.84,2741.2,2690.79,2723.58,0
5/26/2022 16:00:00,2724,2787.63,2720.88,2777.01,0
5/27/2022 16:00:00,2781.38,2815.69,2778.32,2807.33,0
5/31/2022 16:00:00,2790.43,2814.47,2753.89,2770.63,0
6/1/2022 16:00:00,2773.52,2780.08,2734.71,2750.39,0
6/2/2022 16:00:00,2756.74,2784.44,2748.6,2781.02,0
6/3/2022 16:00:00,2778.47,2782.24,2745.35,2765.55,0
6/6/2022 16:00:00,2768.46,2789.34,2732.49,2735.33,0
6/7/2022 16:00:00,2727.34,2727.8,2681.59,2719.58,0
6/8/2022 16:00:00,2716.44,2719.55,2654.68,2664.81,0
6/9/2022 16:00:00,2664.38,2665.28,2594.17,2595.17,0
6/10/2022 16:00:00,2590.07,2591.11,2512.88,2527.43,0
6/13/2022 16:00:00,2508.65,2508.65,2390.76,2420.86,0
6/14/2022 16:00:00,2422.16,2440.46,2391.96,2406.41,0
6/15/2022 16:00:00,2408.79,2477.7,2402.54,2455.53,0
6/16/2022 16:00:00,2427.07,2427.07,2360.59,2378.38,0
6/17/2022 16:00:00,2371.34,2371.59,2315.69,2350.22,0
6/21/2022 16:00:00,2347.5,2380.46,2345.48,2356.63,0
6/22/2022 16:00:00,2357.09,2357.14,2307.42,2321.51,0
6/23/2022 16:00:00,2321.12,2334.39,2261.83,2266.26,0
6/24/2022 16:00:00,2270.74,2309.52,2258.86,2294.44,0
6/27/2022 16:00:00,2293.46,2358.34,2293,2349.85,0
6/28/2022 16:00:00,2351.97,2393.77,2322.39,2335.06,0
6/29/2022 16:00:00,2339.45,2357.18,2310.46,2331.77,0
6/30/2022 16:00:00,2325.81,2326.06,2262.78,2290.75,0
7/1/2022 16:00:00,2280.48,2282.94,2224.25,2277.39,0
7/5/2022 16:00:00,2267.8,2268.16,2190.51,2232.33,0
7/6/2022 16:00:00,2228.1,2235.68,2175.97,2214.16,0
7/7/2022 16:00:00,2216.89,2290.66,2216.47,2280.16,0
7/8/2022 16:00:00,2279.04,2298.46,2266.7,2289.8,0
7/11/2022 16:00:00,2277.72,2277.86,2207.08,2209.95,0
7/12/2022 16:00:00,2203.94,2209.32,2170.87,2191.2,0
7/13/2022 16:00:00,2188.28,2230.03,2171.93,2205.82,0
7/14/2022 16:00:00,2194.4,2194.88,2111.24,2133.95,0
7/15/2022 16:00:00,2142.4,2178.83,2132.15,2177.75,0
7/18/2022 16:00:00,2184.34,2237.91,2183.35,2190.88,0
7/19/2022 16:00:00,2197.07,2229.07,2196.93,2224.1,0
7/20/2022 16:00:00,2225.64,2230.65,2193.48,2209.44,0
7/21/2022 16:00:00,2211.77,2218.68,2169.09,2217.02,0
7/22/2022 16:00:00,2221.14,2248.37,2198.76,2207.75,0
7/25/2022 16:00:00,2214.6,2278.86,2214.6,2276.85,0
7/26/2022 16:00:00,2277.59,2294.92,2255.64,2266.87,0
7/27/2022 16:00:00,2268.99,2323.24,2266.72,2320.34,0
7/28/2022 16:00:00,2325.63,2384.94,2318.41,2383.26,0
7/29/2022 16:00:00,2385.57,2412.43,2378.42,2392.4,0
8/1/2022 16:00:00,2393.57,2406.4,2351.78,2360.81,0
8/2/2022 16:00:00,2355.79,2359.47,2321.11,2332.29,0
8/3/2022 16:00:00,2337.57,2342.94,2308.99,2338.75,0
8/4/2022 16:00:00,2342.17,2397.09,2341.56,2385.79,0
8/5/2022 16:00:00,2377.77,2421.82,2361.08,2413.87,0
8/8/2022 16:00:00,2421.94,2490.75,2421.48,2489.71,0
8/9/2022 16:00:00,2491.81,2507.08,2474.75,2494.19,0
8/10/2022 16:00:00,2506.2,2565.82,2505.66,2551.81,0
8/11/2022 16:00:00,2556.8,2582.72,2533.47,2540.3,0
8/12/2022 16:00:00,2544.77,2552.66,2476.17,2542.73,0
8/15/2022 16:00:00,2536.38,2550.18,2493.86,2542.73,0
8/16/2022 16:00:00,2537.24,2544.76,2516.28,2531.63,0
8/17/2022 16:00:00,2521.23,2522.79,2484.05,2514.71,0
8/18/2022 16:00:00,2515.95,2518.5,2475.71,2496.43,0
8/19/2022 16:00:00,2492.98,2493.07,2426.27,2439.86,0
8/22/2022 16:00:00,2438.71,2440.63,2400.1,2431.66,0
8/23/2022 16:00:00,2434.93,2509.19,2432.62,2507.1,0
8/24/2022 16:00:00,2507.43,2531.65,2494.59,2498.46,0
8/25/2022 16:00:00,2496.5,2522.54,2494.38,2522.27,0
8/26/2022 16:00:00,2525.88,2539.83,2484.82,2508.85,0
8/29/2022 16:00:00,2509.69,2536.09,2490.62,2509.94,0
8/30/2022 16:00:00,2510.7,2517.73,2427.48,2438.34,0
8/31/2022 16:00:00,2433.55,2436.86,2386.21,2387.15,0
9/1/2022 16:00:00,2384.79,2392.52,2339.42,2386.77,0
9/2/2022 16:00:00,2394.99,2461.28,2394.61,2433.85,0
9/6/2022 16:00:00,2437.26,2437.26,2378.45,2390.67,0
9/7/2022 16:00:00,2381.3,2416.85,2362.17,2409.14,0
9/8/2022 16:00:00,2409.32,2432,2391.77,2421.84,0
9/9/2022 16:00:00,2426.4,2496.87,2426.28,2492.15,0
9/12/2022 16:00:00,2498.18,2544.4,2496.29,2536.44,0
9/13/2022 16:00:00,2538.79,2538.93,2437.97,2443.24,0
9/14/2022 16:00:00,2445.45,2468.4,2437.16,2446.52,0
9/15/2022 16:00:00,2443,2447.56,2404.5,2413.17,0
9/16/2022 16:00:00,2408.21,2408.4,2364.63,2396.67,0
9/19/2022 16:00:00,2392.76,2475.11,2371,2472.06,0
9/20/2022 16:00:00,2463.32,2493.32,2442.27,2482.71,0
9/21/2022 16:00:00,2483.62,2511.84,2454.71,2460.64,0
9/22/2022 16:00:00,2468.43,2509.58,2448.57,2499.15,0
9/23/2022 16:00:00,2483.8,2484.69,2369.29,2386.37,0
9/26/2022 16:00:00,2376.66,2379.42,2286.78,2293.74,0
9/27/2022 16:00:00,2303.65,2335.28,2287.92,2298.26,0
9/28/2022 16:00:00,2296.23,2336.54,2294.95,2323.81,0
9/29/2022 16:00:00,2320.1,2321.01,2257.27,2297.05,0
9/30/2022 16:00:00,2298.86,2353.79,2288.61,2325.34,0
10/3/2022 16:00:00,2337.95,2508.49,2337.93,2504.74,0
10/4/2022 16:00:00,2512.32,2550.96,2504.64,2529.95,0
10/5/2022 16:00:00,2522.89,2544.01,2491.28,2533.88,0
10/6/2022 16:00:00,2532.78,2550.55,2522.72,2536.34,0
10/7/2022 16:00:00,2538.09,2538.09,2496.21,2506.73,0
10/10/2022 16:00:00,2513.15,2530.34,2489.51,2495.84,0
10/11/2022 16:00:00,2494.31,2504.99,2448.87,2457.15,0
10/12/2022 16:00:00,2458.07,2458.07,2427.14,2434.06,0
10/13/2022 16:00:00,2439.12,2488.68,2387.5,2455.47,0
10/14/2022 16:00:00,2452.83,2461.87,2382.38,2389.4,0
10/17/2022 16:00:00,2393.11,2461.1,2392.99,2433.79,0
10/18/2022 16:00:00,2438.33,2486.05,2436.15,2476.3,0
10/19/2022 16:00:00,2469.21,2487.24,2451.76,2480.03,0
10/20/2022 16:00:00,2487.63,2532.71,2482.98,2520.65,0
10/21/2022 16:00:00,2513.81,2626.87,2511.13,2610.35,0
10/24/2022 16:00:00,2599.71,2601.25,2476.92,2484.19,0
10/25/2022 16:00:00,2484.71,2513.65,2458.97,2487.09,0
10/26/2022 16:00:00,2489.44,2497.31,2452.29,2461.09,0
10/27/2022 16:00:00,2462.88,2534.08,2462.59,2491.92,0
10/28/2022 16:00:00,2489.4,2498.12,2450.2,2481.76,0
10/31/2022 16:00:00,2473.02,2538.12,2443.02,2531.4,0
11/1/2022 16:00:00,2536.43,2610.52,2532.12,2581.25,0
11/2/2022 16:00:00,2581.6,2583.13,2534.3,2534.64,0
11/3/2022 16:00:00,2525.41,2580.63,2509.06,2568.55,0
11/4/2022 16:00:00,2573.42,2676.61,2570.29,2636.75,0
11/7/2022 16:00:00,2633.66,2641.02,2550.29,2555.73,0
11/8/2022 16:00:00,2548.47,2603.82,2547.62,2585.74,0
11/9/2022 16:00:00,2580.34,2583.39,2497.06,2508.17,0
11/10/2022 16:00:00,2496.7,2498.49,2408.98,2430.69,0
11/11/2022 16:00:00,2426.2,2512.75,2414.38,2492.85,0
11/14/2022 16:00:00,2496.62,2533,2475.72,2505.24,0
11/15/2022 16:00:00,2506.37,2525.93,2500.24,2510.1,0
11/16/2022 16:00:00,2508.74,2513.6,2427.77,2438.75,0
11/17/2022 16:00:00,2427.18,2429.48,2366.85,2414.45,0
11/18/2022 16:00:00,2419.29,2437.34,2397.71,2410.06,0
11/21/2022 16:00:00,2412.37,2442.47,2391.84,2434.94,0
11/22/2022 16:00:00,2437.47,2438.11,2370.71,2393.65,0
11/23/2022 16:00:00,2393.83,2406.67,2375.45,2404.77,0
11/25/2022 13:00:00,2423.41,2426,2383.08,2398.13,0
11/28/2022 16:00:00,2400.89,2409.24,2385.72,2387.92,0
11/29/2022 16:00:00,2398.77,2466.34,2396.01,2446.43,0
11/30/2022 16:00:00,2446.67,2530.9,2440.29,2529.38,0
12/1/2022 16:00:00,2526.78,2531.49,2489.46,2502.19,0
12/2/2022 16:00:00,2503.91,2536.4,2489.5,2500.55,0
12/5/2022 16:00:00,2494.73,2495.23,2418.41,2421.14,0
12/6/2022 16:00:00,2426.89,2453.2,2422.16,2445.73,0
12/7/2022 16:00:00,2443.49,2455.6,2426.28,2430.8,0
12/8/2022 16:00:00,2429.06,2447.71,2405.15,2407.51,0
12/9/2022 16:00:00,2403.25,2413.05,2390.78,2392.3,0
12/12/2022 16:00:00,2391.64,2393.55,2307.45,2338.11,0
12/13/2022 16:00:00,2340.06,2379.09,2315.4,2317.89,0
12/14/2022 16:00:00,2312.2,2316.61,2262.15,2302.41,0
12/15/2022 16:00:00,2297.45,2308.83,2267.41,2277.73,0
12/16/2022 16:00:00,2275.31,2281.01,2256.81,2270.68,0
12/19/2022 16:00:00,2270.12,2312.32,2269.7,2307.18,0
12/20/2022 16:00:00,2306.98,2384.83,2304.58,2364.24,0
12/21/2022 16:00:00,2366.25,2390.91,2359.5,2386.05,0
12/22/2022 16:00:00,2386.24,2403.95,2358.85,2387.09,0
12/23/2022 16:00:00,2391.54,2442.28,2389.52,2439.56,0
12/27/2022 16:00:00,2423.4,2423.4,2373.18,2384.93,0
12/28/2022 16:00:00,2390.15,2420.48,2388.59,2400.89,0
12/29/2022 16:00:00,2404.75,2429.88,2386.77,2391.43,0
12/30/2022 16:00:00,2388.75,2405.31,2375.71,2378.74,0
1/3/2023 16:00:00,2358.96,2359.89,2260.51,2265.58,0
1/4/2023 16:00:00,2270.67,2304.98,2256.58,2303.46,0
1/5/2023 16:00:00,2308.52,2371.23,2304.89,2370.45,0
1/6/2023 16:00:00,2371.58,2445.36,2369.61,2444.07,0
1/9/2023 16:00:00,2442.1,2457.97,2415.95,2447.53,0
1/10/2023 16:00:00,2449.07,2498.86,2440.95,2492.33,0
1/11/2023 16:00:00,2491.57,2542.88,2489.04,2540.22,0
1/12/2023 16:00:00,2541.99,2594.27,2525.7,2576.98,0
1/13/2023 16:00:00,2572.54,2580.72,2552.63,2573.23,0
1/17/2023 16:00:00,2558.33,2573.17,2541.29,2571.46,0
1/18/2023 16:00:00,2575.1,2614.99,2549.69,2550.51,0
1/19/2023 16:00:00,2542.29,2568.69,2525.56,2560.77,0
1/20/2023 16:00:00,2560.19,2571.45,2541.86,2562.06,0
1/23/2023 16:00:00,2563.62,2600.74,2557.42,2573.07,0
1/24/2023 16:00:00,2572.27,2611.82,2568.86,2611.47,0
1/25/2023 16:00:00,2613.17,2650.18,2595.98,2647.79,0
1/26/2023 16:00:00,2644,2662.23,2634.17,2658.64,0
1/27/2023 16:00:00,2658.18,2662.27,2606.94,2610.46,0
1/30/2023 16:00:00,2610.35,2616.5,2593.85,2600.18,0
1/31/2023 16:00:00,2597.19,2633.22,2594.92,2631.96,0
2/1/2023 16:00:00,2635.73,2639.96,2579.47,2627.41,0
2/2/2023 16:00:00,2633.48,2656.61,2569.24,2577.7,0
2/3/2023 16:00:00,2571.46,2574.18,2509.62,2518.77,0
2/6/2023 16:00:00,2511.91,2515.61,2466.65,2506.55,0
2/7/2023 16:00:00,2507.72,2511.8,2470.57,2485.26,0
2/8/2023 16:00:00,2491.57,2519.28,2480.91,2512.45,0
2/9/2023 16:00:00,2513.7,2519.96,2469.56,2470.57,0
2/10/2023 16:00:00,2472.57,2486.79,2459.05,2484.05,0
2/13/2023 16:00:00,2486.32,2526.17,2478.76,2525.61,0
2/14/2023 16:00:00,2525.97,2551.87,2499.4,2509.35,0
2/15/2023 16:00:00,2502.53,2535.59,2489.35,2535.2,0
2/16/2023 16:00:00,2533.19,2562.84,2503.6,2552.71,0
2/17/2023 16:00:00,2548.15,2559.36,2525.4,2545.77,0
2/21/2023 16:00:00,2542.98,2559.84,2512.29,2516.59,0
2/22/2023 16:00:00,2519.48,2524.46,2491.74,2505.61,0
2/23/2023 16:00:00,2509.92,2547.86,2502.73,2527.74,0
2/24/2023 16:00:00,2521.29,2522.14,2451.37,2463.89,0
2/27/2023 16:00:00,2466.95,2491.47,2458.97,2473.43,0
2/28/2023 16:00:00,2473.91,2483.27,2449.25,2458.83,0
3/1/2023 16:00:00,2465.87,2505.89,2453.23,2503.93,0
3/2/2023 16:00:00,2501.57,2504.53,2450.64,2466.74,0
3/3/2023 16:00:00,2469.19,2505.83,2467.25,2500.06,0
3/6/2023 16:00:00,2498.57,2522.12,2483.09,2513.16,0
3/7/2023 16:00:00,2511.54,2517.6,2458.38,2466.55,0
3/8/2023 16:00:00,2470.51,2545.36,2469.57,2527.13,0
3/9/2023 16:00:00,2529.43,2543.66,2482.49,2484.38,0
3/10/2023 16:00:00,2479.87,2480.67,2420.29,2428.45,0
3/13/2023 16:00:00,2414.21,2416.25,2364.86,2386.61,0
3/14/2023 16:00:00,2392.48,2421.37,2380.4,2385.78,0
3/15/2023 16:00:00,2368.08,2371.7,2295.21,2328.35,0
3/16/2023 16:00:00,2327.91,2375.87,2315.12,2371.93,0
3/17/2023 16:00:00,2368.12,2369.22,2320.03,2327.57,0
3/20/2023 16:00:00,2325.34,2340,2316.75,2323.49,0
3/21/2023 16:00:00,2329.19,2365.29,2328.98,2355.04,0
3/22/2023 16:00:00,2357.33,2393.05,2340.41,2341.07,0
3/23/2023 16:00:00,2344.42,2366.09,2286.44,2301,0
3/24/2023 16:00:00,2291.28,2328.46,2276.63,2318.27,0
3/27/2023 16:00:00,2321.45,2359.93,2321.12,2351.46,0
3/28/2023 16:00:00,2355.75,2403.33,2352.66,2391.59,0
3/29/2023 16:00:00,2393.12,2440.3,2390.99,2433.99,0
3/30/2023 16:00:00,2438.81,2480.73,2433.84,2472.05,0
3/31/2023 16:00:00,2473.96,2493.6,2445.73,2454.8,0
4/3/2023 16:00:00,2456.94,2456.94,2431.2,2446,0
4/4/2023 16:00:00,2444.61,2457.8,2422.59,2432.54,0
4/5/2023 16:00:00,2433.51,2436.4,2397.83,2415.91,0
4/6/2023 16:00:00,2414.66,2416.77,2396.9,2407.62,0
4/10/2023 16:00:00,2405.81,2436.04,2405.17,2432.83,0
4/11/2023 16:00:00,2437.95,2535.32,2437.88,2531.39,0
4/12/2023 16:00:00,2538.82,2583.18,2537.86,2558.48,0
4/13/2023 16:00:00,2560.22,2584.03,2553.08,2569.88,0
4/14/2023 16:00:00,2567.38,2576.57,2547.18,2573.98,0
4/17/2023 16:00:00,2571.39,2581.96,2558.67,2569.73,0
4/18/2023 16:00:00,2570.48,2578.99,2547.74,2571.65,0
4/19/2023 16:00:00,2563.01,2563.01,2496.12,2499.38,0
4/20/2023 16:00:00,2500.66,2526.57,2493.33,2507.98,0
4/21/2023 16:00:00,2508.02,2508.02,2462.28,2479.53,0
4/24/2023 16:00:00,2476.69,2503.21,2471.03,2499.16,0
4/25/2023 16:00:00,2499.71,2500.44,2457.26,2470.26,0
4/26/2023 16:00:00,2469.87,2483.55,2451.39,2453.12,0
4/27/2023 16:00:00,2458.08,2496.11,2451.44,2491.11,0
4/28/2023 16:00:00,2490.76,2493.93,2455.04,2492.53,0
5/1/2023 16:00:00,2489.96,2500.99,2480.5,2484.49,0
5/2/2023 16:00:00,2480.86,2481.34,2425.18,2435.49,0
5/3/2023 16:00:00,2435.9,2466.94,2433.08,2445.6,0
5/4/2023 16:00:00,2445.7,2467.78,2422.97,2443.78,0
5/5/2023 16:00:00,2444.74,2533.41,2444.46,2524.96,0
5/8/2023 16:00:00,2521.98,2557.01,2521.74,2530.48,0
5/9/2023 16:00:00,2527.83,2561.82,2517.11,2559.37,0
5/10/2023 16:00:00,2569.18,2580.13,2555.08,2576.45,0
5/11/2023 16:00:00,2569.73,2583.7,2537.02,2572.67,0
5/12/2023 16:00:00,2571.86,2597.8,2569.09,2585.29,0
5/15/2023 16:00:00,2588.06,2622.89,2581.86,2618.89,0
5/16/2023 16:00:00,2613.16,2640.17,2580.7,2583.06,0
5/17/2023 16:00:00,2577.27,2607.16,2576.48,2600.15,0
5/18/2023 16:00:00,2590.02,2593.61,2565.44,2590.27,0
5/19/2023 16:00:00,2591.95,2600.92,2566.41,2570.98,0
5/22/2023 16:00:00,2567.08,2581.39,2549.66,2551.83,0
5/23/2023 16:00:00,2546.82,2581.41,2541.98,2544.77,0
5/24/2023 16:00:00,2554.21,2563.32,2538.8,2547.54,0
5/25/2023 16:00:00,2544.13,2560.89,2535,2543.11,0
5/26/2023 16:00:00,2553.01,2592.61,2552.66,2576.27,0
5/30/2023 16:00:00,2569.81,2576.49,2507.47,2518.91,0
5/31/2023 16:00:00,2516.82,2516.95,2471.78,2487.24,0
6/1/2023 16:00:00,2492.83,2557.27,2491,2550.27,0
6/2/2023 16:00:00,2560.36,2615.68,2560.34,2611.19,0
6/5/2023 16:00:00,2613.25,2635.93,2608.04,2629.55,0
6/6/2023 16:00:00,2627.94,2682.5,2626.94,2681.24,0
6/7/2023 16:00:00,2682.95,2718.44,2682.41,2695.29,0
6/8/2023 16:00:00,2690.59,2706.81,2686.27,2704.54,0
6/9/2023 16:00:00,2708.77,2755.68,2708.38,2746.35,0
6/12/2023 16:00:00,2744.51,2749.69,2724.01,2742.8,0
6/13/2023 16:00:00,2745.8,2747.22,2719.43,2733.87,0
6/14/2023 16:00:00,2736.81,2794.92,2736.63,2794.65,0
6/15/2023 16:00:00,2786.73,2811.62,2784.5,2804.58,0
6/16/2023 16:00:00,2801.73,2808.61,2779.34,2793.55,0
6/20/2023 16:00:00,2803.56,2815.54,2779.13,2797.03,0
6/21/2023 16:00:00,2795.08,2830.91,2792.92,2825.25,0
6/22/2023 16:00:00,2824.43,2824.43,2780.26,2789.07,0
6/23/2023 16:00:00,2787.03,2787.92,2755.72,2763.63,0
6/26/2023 16:00:00,2767.17,2786.4,2758.13,2770.05,0
6/27/2023 16:00:00,2774.29,2779.98,2750.86,2772.19,0
6/28/2023 16:00:00,2763.02,2765.23,2731,2731.97,0
6/29/2023 16:00:00,2730,2759.59,2728.51,2758.05,0
6/30/2023 16:00:00,2763.07,2780.25,2758.12,2763.44,0
7/3/2023 13:00:00,2765.83,2804.49,2764.67,2801.94,0
7/5/2023 16:00:00,2786.58,2787.93,2761.79,2774.81,0
7/6/2023 16:00:00,2765.46,2767.33,2677.93,2695.78,0
7/7/2023 16:00:00,2700.12,2767.37,2697.4,2751.94,0
7/10/2023 16:00:00,2751.94,2752.81,2729.57,2730.42,0
7/11/2023 16:00:00,2728.51,2746.13,2687.55,2745.19,0
7/12/2023 16:00:00,2759.17,2799.94,2758.94,2765.08,0
7/13/2023 16:00:00,2765.41,2817.61,2764.96,2807.34,0
7/14/2023 16:00:00,2808.92,2809.1,2777.3,2777.97,0
7/17/2023 16:00:00,2771,2785.53,2732.53,2784.38,0
7/18/2023 16:00:00,2784.2,2800.58,2770.3,2784.36,0
7/19/2023 16:00:00,2784.17,2799.35,2775.51,2793.09,0
7/20/2023 16:00:00,2790.12,2806.59,2780.57,2789.89,0
7/21/2023 16:00:00,2791.02,2831.7,2790.9,2824.36,0
7/24/2023 16:00:00,2832.23,2874.19,2824.28,2855.76,0
7/25/2023 16:00:00,2852.07,2891.81,2851.4,2879.34,0
7/26/2023 16:00:00,2881.23,2904.04,2867.86,2897.11,0
7/27/2023 16:00:00,2902.39,2907.96,2838.78,2841.94,0
7/28/2023 16:00:00,2857.1,2879.73,2855.06,2865.45,0
7/31/2023 16:00:00,2865.44,2902.71,2865.31,2894.13,0
8/1/2023 16:00:00,2885.28,2885.52,2830.67,2840.76,0
8/2/2023 16:00:00,2841.13,2841.13,2785.42,2800.89,0
8/3/2023 16:00:00,2783.03,2791.07,2751.67,2759.72,0
8/4/2023 16:00:00,2768.5,2801.26,2753.28,2761.45,0
8/7/2023 16:00:00,2760.46,2761.76,2735.81,2753.72,0
8/8/2023 16:00:00,2743.52,2749.31,2699.58,2740.15,0
8/9/2023 16:00:00,2739.58,2742.71,2722.74,2741.83,0
8/10/2023 16:00:00,2752.55,2786.65,2737.39,2739.78,0
8/11/2023 16:00:00,2737.51,2747.58,2705.86,2710.43,0
8/14/2023 16:00:00,2705.89,2705.96,2650.09,2666.72,0
8/15/2023 16:00:00,2662.73,2669.34,2643.61,2647.41,0
8/16/2023 16:00:00,2649.24,2683.29,2641.55,2645.26,0
8/17/2023 16:00:00,2648.26,2665.72,2621.79,2621.99,0
8/18/2023 16:00:00,2621.86,2637.71,2597.98,2632.76,0
8/21/2023 16:00:00,2633.14,2634.42,2607.79,2623.8,0
8/22/2023 16:00:00,2629.62,2655.33,2629.61,2651.5,0
8/23/2023 16:00:00,2653.79,2729,2653.67,2726.87,0
8/24/2023 16:00:00,2721.51,2721.72,2679.13,2681.15,0
8/25/2023 16:00:00,2684.86,2685.98,2648.32,2669.7,0
8/28/2023 16:00:00,2672.34,2696.09,2661.64,2694.09,0
8/29/2023 16:00:00,2691.21,2731.61,2680.94,2730.62,0
8/30/2023 16:00:00,2732.93,2734.78,2713.44,2714.52,0
8/31/2023 16:00:00,2715.34,2715.38,2632.51,2632.9,0
9/1/2023 16:00:00,2637.51,2690.61,2635.43,2676.74,0
9/5/2023 16:00:00,2660.27,2661.7,2623.38,2626.55,0
9/6/2023 16:00:00,2621.89,2643.61,2605.41,2607.27,0
9/7/2023 16:00:00,2612.42,2612.46,2570.14,2571.6,0
9/8/2023 16:00:00,2577.91,2590.12,2572.26,2580.25,0
9/11/2023 16:00:00,2583.93,2641.66,2583.62,2635.29,0
9/12/2023 16:00:00,2631.36,2645.93,2623.11,2633.73,0
9/13/2023 16:00:00,2634.53,2672.75,2630.66,2651.52,0
9/14/2023 16:00:00,2653.08,2697.61,2648.81,2690.95,0
9/15/2023 16:00:00,2691.66,2696.33,2671.47,2675.31,0
9/18/2023 16:00:00,2674.62,2693.14,2670.3,2678.98,0
9/19/2023 16:00:00,2680.84,2689.29,2672.36,2676.33,0
9/20/2023 16:00:00,2679.88,2719.39,2679.09,2684.01,0
9/21/2023 16:00:00,2673.73,2675.1,2606.01,2606.53,0
9/22/2023 16:00:00,2612.44,2634.53,2600.26,2601.36,0
9/25/2023 16:00:00,2597.86,2598.86,2573.85,2576.49,0
9/26/2023 16:00:00,2575.28,2578.54,2529.55,2532.03,0
9/27/2023 16:00:00,2525.3,2549.41,2501.59,2526.61,0
9/28/2023 16:00:00,2527.58,2570,2523.23,2560.48,0
9/29/2023 16:00:00,2568.53,2598.65,2567.29,2576.98,0
10/2/2023 16:00:00,2572.19,2572.6,2517.89,2532.51,0
10/3/2023 16:00:00,2529,2529.44,2448.15,2452.34,0
10/4/2023 16:00:00,2456.79,2472.09,2435.63,2460.25,0
10/5/2023 16:00:00,2455.9,2465.19,2416.91,2435.81,0
10/6/2023 16:00:00,2434.71,2478.33,2391.83,2464.29,0
10/9/2023 16:00:00,2459.86,2477.95,2439.28,2471.54,0
10/10/2023 16:00:00,2471.99,2543.21,2471.95,2540.19,0
10/11/2023 16:00:00,2544.35,2558.28,2535.47,2557.55,0
10/12/2023 16:00:00,2559.95,2563.6,2512.55,2525.38,0
10/13/2023 16:00:00,2526.53,2551.91,2509.8,2512.49,0
10/16/2023 16:00:00,2517.51,2560.06,2517.03,2557.73,0
10/17/2023 16:00:00,2555.55,2575.86,2526.68,2551.7,0
10/18/2023 16:00:00,2552.99,2553.45,2503.6,2506.85,0
10/19/2023 16:00:00,2505.2,2533.71,2496.72,2502.58,0
10/20/2023 16:00:00,2494.56,2502.58,2468.09,2481.55,0
10/23/2023 16:00:00,2479.77,2490.81,2448.76,2466.55,0
10/24/2023 16:00:00,2466.06,2508.17,2465.45,2494.03,0
10/25/2023 16:00:00,2493.48,2500.19,2473.81,2479.27,0
10/26/2023 16:00:00,2475.98,2522.86,2475.18,2518.47,0
10/27/2023 16:00:00,2528.88,2559.52,2501.4,2504.08,0
10/30/2023 16:00:00,2507.55,2541.14,2484.8,2495.86,0
10/31/2023 16:00:00,2500.62,2501.4,2476.03,2497.24,0
11/1/2023 16:00:00,2499.52,2568.14,2498.52,2560.41,0
11/2/2023 16:00:00,2568.44,2605.66,2567.76,2602.56,0
11/3/2023 16:00:00,2606.3,2688.18,2606.3,2666.09,0
11/6/2023 16:00:00,2666.72,2684.37,2657.18,2662.98,0
11/7/2023 16:00:00,2662.87,2676.91,2653.5,2668.93,0
11/8/2023 16:00:00,2664.52,2672.14,2635.4,2641.84,0
11/9/2023 16:00:00,2640.78,2670.35,2619.28,2623.34,0
11/10/2023 16:00:00,2624.58,2670.89,2624.26,2669.72,0
11/13/2023 16:00:00,2665.82,2669,2644.01,2658.79,0
11/14/2023 16:00:00,2661.86,2767.41,2661.02,2761.26,0
11/15/2023 16:00:00,2762.35,2768.17,2744.85,2758.59,0
11/16/2023 16:00:00,2760.46,2774.17,2736.01,2759.33,0
11/17/2023 16:00:00,2760.26,2785.39,2753.55,2769.36,0
11/20/2023 16:00:00,2770.97,2822.38,2770.78,2810.49,0
11/21/2023 16:00:00,2810.49,2810.49,2779.21,2785.92,0
11/22/2023 16:00:00,2787.58,2796.06,2750.97,2764.82,0
11/24/2023 13:00:00,2778.43,2784,2760.7,2765.74,0
11/27/2023 16:00:00,2767.55,2773.51,2734.48,2740.11,0
11/28/2023 16:00:00,2742.73,2783.38,2737.07,2773.51,0
11/29/2023 16:00:00,2772.01,2776.41,2754.95,2757.63,0
11/30/2023 16:00:00,2750.02,2784.22,2738.57,2780.12,0
12/1/2023 16:00:00,2785.45,2829.79,2774.09,2822.28,0
12/4/2023 16:00:00,2817.2,2817.95,2754.43,2761.19,0
12/5/2023 16:00:00,2756.51,2780.25,2740.84,2773.29,0
12/6/2023 16:00:00,2776.82,2795.95,2761.81,2761.81,0
12/7/2023 16:00:00,2758.9,2781.1,2758.66,2770.94,0
12/8/2023 16:00:00,2772.7,2800.1,2762.77,2790.34,0
12/11/2023 16:00:00,2785.79,2786.94,2764.84,2779.63,0
12/12/2023 16:00:00,2783.6,2785.35,2755.68,2764.46,0
12/13/2023 16:00:00,2765.17,2848.49,2759.79,2844.84,0
12/14/2023 16:00:00,2846.32,2907.25,2845.99,2898.02,0
12/15/2023 16:00:00,2891.66,2899.28,2875.39,2881.51,0
12/18/2023 16:00:00,2876.11,2926.08,2875.55,2922.84,0
12/19/2023 16:00:00,2928.72,2962.9,2928.06,2948.21,0
12/20/2023 16:00:00,2947.87,2948.85,2890.52,2891.3,0
12/21/2023 16:00:00,2897.47,2949.6,2897.18,2941.45,0
12/22/2023 16:00:00,2943.84,2961.02,2941.63,2948.04,0
12/26/2023 16:00:00,2950.65,2996.6,2948.77,2990.18,0
12/27/2023 16:00:00,2991.92,3000.09,2983.83,2993.3,0
12/28/2023 16:00:00,2993.77,2996.94,2975.53,2978.86,0
12/29/2023 16:00:00,2981.99,2984.11,2965.03,2970.09,0
1/2/2024 16:00:00,2967.4,2968.61,2915.45,2927.91,0
1/3/2024 16:00:00,2926.5,2934.49,2910.23,2915.36,0
1/4/2024 16:00:00,2918.62,2919.37,2888.88,2893.73,0
1/5/2024 16:00:00,2892.52,2938.57,2884.24,2935.06,0
1/8/2024 16:00:00,2930.84,2942,2915.65,2941.82,0
1/9/2024 16:00:00,2938.62,2939.23,2884.79,2885.55,0
1/10/2024 16:00:00,2887.97,2892.31,2876.42,2886.54,0
1/11/2024 16:00:00,2887.13,2904.6,2869.6,2900.26,0
1/12/2024 16:00:00,2900.87,2935.57,2899.46,2913.57,0
1/16/2024 16:00:00,2900.3,2902.74,2844.39,2846.41,0
1/17/2024 16:00:00,2843.01,2843.39,2814.58,2824.93,0
1/18/2024 16:00:00,2829.41,2830.09,2804.79,2819.72,0
1/19/2024 16:00:00,2823.79,2836.11,2808.55,2831.65,0
1/22/2024 16:00:00,2832.97,2835.68,2773.46,2784,0
1/23/2024 16:00:00,2782.02,2824.34,2780.61,2823.16,0
1/24/2024 16:00:00,2831.29,2866.63,2824.93,2826.01,0
1/25/2024 16:00:00,2826.28,2858.25,2824.25,2853.49,0
1/26/2024 16:00:00,2855.76,2893.47,2850.18,2883.82,0
1/29/2024 16:00:00,2883.28,2887.34,2849.4,2867.35,0
1/30/2024 16:00:00,2870.69,2870.81,2829.06,2852.51,0
1/31/2024 16:00:00,2853.46,2889.32,2841.02,2842.45,0
2/1/2024 16:00:00,2840.33,2896.4,2839.67,2894.23,0
2/2/2024 16:00:00,2896.6,2897.86,2850.59,2865.27,0
2/5/2024 16:00:00,2861.59,2867.44,2828.29,2860.8,0
2/6/2024 16:00:00,2861.61,2921.73,2861.4,2919.99,0
2/7/2024 16:00:00,2919.01,2920.43,2892.3,2908.61,0
2/8/2024 16:00:00,2907.71,2907.85,2855.16,2857.08,0
2/9/2024 16:00:00,2858.45,2876.41,2856.19,2866.56,0
2/12/2024 16:00:00,2867.51,2889.5,2865.97,2882.11,0
2/13/2024 16:00:00,2880.19,2882.26,2828.26,2840.76,0
2/14/2024 16:00:00,2843.44,2879.93,2843.19,2862.83,0
2/15/2024 16:00:00,2864.77,2885.6,2861.28,2884.46,0
2/16/2024 16:00:00,2884.29,2908.18,2878.89,2899.78,0
2/20/2024 16:00:00,2911.98,2929.37,2909.26,2922.02,0
2/21/2024 16:00:00,2922.38,2927.14,2906.98,2920.06,0
2/22/2024 16:00:00,2921,2922.72,2900.46,2906.12,0
2/23/2024 16:00:00,2906.03,2909.21,2864.3,2872.11,0
2/26/2024 16:00:00,2874.65,2883.24,2866.12,2877.63,0
2/27/2024 16:00:00,2880.65,2934.64,2880.11,2927.62,0
2/28/2024 16:00:00,2924.98,2925.32,2867.88,2873.79,0
2/29/2024 16:00:00,2874.79,2877.67,2859.66,2864.79,0
3/1/2024 16:00:00,2866.34,2897.66,2861.37,2880.93,0
3/4/2024 16:00:00,2881.47,2881.71,2864.29,2865.84,0
3/5/2024 16:00:00,2864.5,2868.76,2848.67,2851.69,0
3/6/2024 16:00:00,2857.5,2890.61,2856.65,2877.93,0
3/7/2024 16:00:00,2879.84,2888.89,2875.03,2881.73,0
3/8/2024 16:00:00,2881.37,2882.22,2818.95,2821.44,0
3/11/2024 16:00:00,2820.38,2837.32,2806.41,2819.89,0
3/12/2024 16:00:00,2820.24,2834.08,2810.32,2830.35,0
3/13/2024 16:00:00,2832.26,2869.71,2828.88,2861.66,0
3/14/2024 16:00:00,2863.27,2867.71,2839.58,2848.71,0
3/15/2024 16:00:00,2850.5,2852.07,2829.58,2840.01,0
3/18/2024 16:00:00,2841.34,2856.22,2820.92,2834.88,0
3/19/2024 16:00:00,2826.2,2838.07,2814.64,2818.17,0
3/20/2024 16:00:00,2817.62,2895.16,2813.65,2891.74,0
3/21/2024 16:00:00,2890.48,2894.8,2870.93,2872.25,0
3/22/2024 16:00:00,2867.37,2870.06,2842.84,2846.94,0
3/25/2024 16:00:00,2849.17,2863.07,2843.82,2847.46,0
3/26/2024 16:00:00,2847.52,2864.44,2842.36,2857.25,0
3/27/2024 16:00:00,2858.59,2878.29,2846.56,2875.23,0
3/28/2024 16:00:00,2872.41,2884.03,2864.28,2877.81,0
4/1/2024 16:00:00,2880.16,2890.02,2836.14,2849.69,0
4/2/2024 16:00:00,2852.62,2874.66,2848.32,2868.38,0
4/3/2024 16:00:00,2863.88,2888.1,2840.26,2872.2,0
4/4/2024 16:00:00,2872.67,2927.22,2860.59,2864.32,0
4/5/2024 16:00:00,2871.98,2872.26,2850.23,2865.55,0
4/8/2024 16:00:00,2868.59,2916.6,2867.77,2910.81,0
4/9/2024 16:00:00,2913.58,2943.39,2911.61,2923.87,0
4/10/2024 16:00:00,2918.29,2918.29,2857.17,2865.98,0
4/11/2024 16:00:00,2869.17,2871.54,2847.23,2862.33,0
4/12/2024 16:00:00,2850.72,2850.83,2794.93,2802.52,0
4/15/2024 16:00:00,2801.31,2802.03,2756.64,2761.48,0
4/16/2024 16:00:00,2748.4,2748.4,2696.56,2708.29,0
4/17/2024 16:00:00,2714.48,2749.13,2697.74,2717.38,0
4/18/2024 16:00:00,2717.4,2743.39,2693.52,2711.35,0
4/19/2024 16:00:00,2705.39,2748.67,2703.26,2742.28,0
4/22/2024 16:00:00,2738.75,2769.17,2726.05,2767.25,0
4/23/2024 16:00:00,2766.34,2796.24,2747.81,2783.3,0
4/24/2024 16:00:00,2778.59,2780.13,2747.6,2762.17,0
4/25/2024 16:00:00,2757.67,2765.6,2726.19,2759.64,0
4/26/2024 16:00:00,2764.94,2811.11,2764.32,2803.51,0
4/29/2024 16:00:00,2806.37,2830.74,2805.75,2830.74,0
4/30/2024 16:00:00,2823.81,2825.78,2762.71,2764.23,0
5/1/2024 16:00:00,2767.97,2792.73,2755.9,2770.97,0
5/2/2024 16:00:00,2780.1,2819.17,2779.33,2807,0
5/3/2024 16:00:00,2821.27,2838.29,2817.38,2830.95,0
5/6/2024 16:00:00,2832.23,2857.49,2830.52,2850.16,0
5/7/2024 16:00:00,2853.88,2875.98,2853.43,2868,0
5/8/2024 16:00:00,2861.68,2870.08,2839.86,2868.96,0
5/9/2024 16:00:00,2862.39,2864.05,2821.39,2858.68,0
5/10/2024 16:00:00,2860.6,2883.63,2847.85,2848.83,0
5/13/2024 16:00:00,2853.48,2883.15,2845.63,2855.66,0
5/14/2024 16:00:00,2856.78,2861.64,2848.28,2856.76,0
5/15/2024 16:00:00,2855.9,2861.73,2823.44,2848.21,0
5/16/2024 16:00:00,2848.4,2860.5,2835.02,2838.16,0
5/17/2024 16:00:00,2840.36,2855.05,2831.01,2851.39,0
5/20/2024 16:00:00,2848.45,2864.38,2834.48,2849.37,0
5/21/2024 16:00:00,2849.14,2854.64,2829.46,2832.14,0
5/22/2024 16:00:00,2826.41,2826.6,2775.05,2780.81,0
5/23/2024 16:00:00,2783.79,2801.18,2754.89,2757.94,0
5/24/2024 16:00:00,2760.03,2771.38,2751.35,2753.18,0
5/28/2024 16:00:00,2759.71,2782.89,2754.51,2760.63,0
5/29/2024 16:00:00,2754.85,2755.17,2701.82,2709.32,0
5/30/2024 16:00:00,2712.46,2729.95,2707.32,2719.16,0
5/31/2024 16:00:00,2722,2722,2685.28,2705.74,0
6/3/2024 16:00:00,2686.08,2689.48,2614.54,2623.54,0
6/4/2024 16:00:00,2613.17,2619.06,2592.62,2609.84,0
6/5/2024 16:00:00,2621.86,2647.44,2617.06,2636.67,0
6/6/2024 16:00:00,2636.76,2687.88,2634.81,2655.22,0
6/7/2024 16:00:00,2649.44,2651.93,2558.81,2561.65,0
6/10/2024 16:00:00,2554.4,2563.54,2541.14,2555.73,0
6/11/2024 16:00:00,2552.84,2558.8,2537.14,2542.24,0
6/12/2024 16:00:00,2536.2,2548.69,2500.13,2504.36,0
6/13/2024 16:00:00,2509.82,2509.99,2480.46,2495.1,0
6/14/2024 16:00:00,2489.73,2501.98,2467.82,2487.19,0
6/17/2024 16:00:00,2480.68,2486.79,2461.58,2486.08,0
6/18/2024 16:00:00,2493.59,2526.59,2489.05,2505.64,0
6/20/2024 16:00:00,2516.33,2538.27,2510.32,2523.1,0
6/21/2024 16:00:00,2529.56,2538.01,2523.32,2534.02,0
6/24/2024 16:00:00,2537.36,2576.12,2536.62,2549.97,0
6/25/2024 16:00:00,2545.6,2547.19,2524.62,2539.08,0
6/26/2024 16:00:00,2528.32,2528.92,2504.54,2523.23,0
6/27/2024 16:00:00,2523.18,2532.28,2507.74,2528.67,0
6/28/2024 16:00:00,2530.38,2534.41,2506.52,2523.54,0
7/1/2024 16:00:00,2522.26,2540.4,2510.36,2511.7,0
7/2/2024 16:00:00,2514.79,2526.26,2495.63,2508.75,0
7/3/2024 13:00:00,2514.11,2572.17,2514.05,2565.2,0
7/5/2024 16:00:00,2577.45,2588.93,2556.32,2587.33,0
7/8/2024 16:00:00,2589.04,2604.15,2572.61,2603.01,0
7/9/2024 16:00:00,2604.11,2642.48,2601.04,2637.23,0
7/10/2024 16:00:00,2645.28,2665.28,2644.74,2664.25,0
7/11/2024 16:00:00,2668.56,2682.48,2663.5,2672.32,0
7/12/2024 16:00:00,2677.61,2703.86,2666.75,2699.91,0
7/15/2024 16:00:00,2686.58,2697.48,2670.18,2681.01,0
7/16/2024 16:00:00,2682.3,2696.64,2674,2694.61,0
7/17/2024 16:00:00,2686.26,2686.63,2654.86,2662.77,0
7/18/2024 16:00:00,2655.27,2655.45,2588.5,2594.97,0
7/19/2024 16:00:00,2601.67,2626.91,2596.75,2604.34,0
7/22/2024 16:00:00,2608.03,2621.96,2597.5,2611.11,0
7/23/2024 16:00:00,2604.72,2605.04,2574.78,2578.34,0
7/24/2024 16:00:00,2569.5,2569.76,2534.47,2535.6,0
7/25/2024 16:00:00,2537.26,2541.01,2518.63,2523.1,0
7/26/2024 16:00:00,2528.07,2541.32,2523.53,2535.97,0
7/29/2024 16:00:00,2533.54,2536.89,2505.06,2518.13,0
7/30/2024 16:00:00,2511.2,2513.36,2487.33,2495.86,0
7/31/2024 16:00:00,2491.12,2540.9,2490.09,2525.56,0
8/1/2024 16:00:00,2529.48,2541.93,2461.21,2466.77,0
8/2/2024 16:00:00,2457.52,2467.17,2407.94,2420.53,0
8/5/2024 16:00:00,2401.47,2403.4,2316.84,2381.52,0
8/6/2024 16:00:00,2381.26,2455.04,2381.06,2433.25,0
8/7/2024 16:00:00,2444.2,2483,2444.2,2464.09,0
8/8/2024 16:00:00,2467.83,2526.06,2467.37,2518.21,0
8/9/2024 16:00:00,2526.73,2570.75,2526.06,2561.9,0
8/12/2024 16:00:00,2562.1,2589.78,2561.55,2572.07,0
8/13/2024 16:00:00,2576.87,2612.86,2576.23,2611.91,0
8/14/2024 16:00:00,2617.17,2632.78,2605.9,2626.07,0
8/15/2024 16:00:00,2630.92,2677.81,2629.14,2663.45,0
8/16/2024 16:00:00,2665.21,2680.56,2659.08,2669.2,0
8/19/2024 16:00:00,2663.84,2720.68,2663.82,2708.51,0
8/20/2024 16:00:00,2699.46,2702.33,2668.49,2677.05,0
8/21/2024 16:00:00,2673.13,2691.37,2658.69,2671.47,0
8/22/2024 16:00:00,2660.08,2660.08,2606.34,2608.11,0
8/23/2024 16:00:00,2616.39,2664.82,2615.73,2651.12,0
8/26/2024 16:00:00,2647.01,2681.07,2642.83,2668.71,0
8/27/2024 16:00:00,2665.41,2665.63,2639.83,2641.29,0
8/28/2024 16:00:00,2640.83,2647.42,2617.8,2627.67,0
8/29/2024 16:00:00,2621.63,2621.63,2588.45,2603.83,0
8/30/2024 16:00:00,2607.34,2621.27,2583.08,2615.7,0
9/3/2024 16:00:00,2616.9,2619.86,2567.9,2572.06,0
9/4/2024 16:00:00,2572.79,2605.49,2571.66,2577.7,0
9/5/2024 16:00:00,2574.81,2599.98,2573.62,2596.46,0
9/6/2024 16:00:00,2601,2609.48,2543.68,2549.5,0
9/9/2024 16:00:00,2547.82,2577.72,2547.63,2566.56,0
9/10/2024 16:00:00,2565.99,2566.84,2513.5,2523.4,0
9/11/2024 16:00:00,2532.68,2562.97,2522.12,2556.06,0
9/12/2024 16:00:00,2558.56,2588.08,2547.31,2584.72,0
9/13/2024 16:00:00,2589.8,2637.32,2589.06,2618.26,0
9/16/2024 16:00:00,2615.24,2644.95,2611.47,2634.54,0
9/17/2024 16:00:00,2633.06,2642.99,2623.54,2641.92,0
9/18/2024 16:00:00,2643.03,2667.84,2622.05,2633.46,0
9/19/2024 16:00:00,2634.65,2666.36,2634.65,2644.69,0
9/20/2024 16:00:00,2642,2643.6,2575.81,2576.05,0
9/23/2024 16:00:00,2572.92,2587.78,2567.37,2581.92,0
9/24/2024 16:00:00,2587.74,2657.6,2587.6,2646.81,0
9/25/2024 16:00:00,2643.09,2651.89,2620.43,2624.15,0
9/26/2024 16:00:00,2634.98,2670.37,2633.71,2647.5,0
9/27/2024 16:00:00,2649.9,2663.64,2635.89,2639.13,0
9/30/2024 16:00:00,2642.89,2644.74,2611.31,2612.26,0
10/1/2024 16:00:00,2612.6,2624.73,2600.27,2617.16,0
10/2/2024 16:00:00,2625.4,2658.04,2624.48,2632.54,0
10/3/2024 16:00:00,2626.53,2626.76,2576.57,2600.66,0
10/4/2024 16:00:00,2602.5,2632.44,2597.7,2630.31,0
10/7/2024 16:00:00,2631.87,2645.86,2608.67,2616.06,0
10/8/2024 16:00:00,2613.99,2614.2,2574.38,2590.91,0
10/9/2024 16:00:00,2589.25,2589.98,2555.19,2558.38,0
10/10/2024 16:00:00,2559.1,2580.88,2554.83,2579.38,0
10/14/2024 16:00:00,2580.03,2612.91,2574.95,2606.23,0
10/15/2024 16:00:00,2599.66,2601.44,2552.27,2562.1,0
10/16/2024 16:00:00,2561.24,2572.2,2550.34,2563.33,0
10/17/2024 16:00:00,2561.63,2562.84,2539.71,2553.69,0
10/18/2024 16:00:00,2561.22,2572.75,2551.39,2556.68,0
10/21/2024 16:00:00,2550.75,2555.04,2538.99,2547.78,0
10/22/2024 16:00:00,2550.78,2555.45,2527.97,2544.86,0
10/23/2024 16:00:00,2538.48,2544.04,2527.94,2541.98,0
10/24/2024 16:00:00,2542.57,2556.92,2534.85,2555.65,0
10/25/2024 16:00:00,2553.91,2564.47,2541.33,2543.11,0
10/28/2024 16:00:00,2540.3,2570.2,2540.3,2563.7,0
10/29/2024 16:00:00,2561.22,2571.8,2529.12,2530.72,0
10/30/2024 16:00:00,2525.97,2526.92,2505.19,2512.16,0
10/31/2024 16:00:00,2515.61,2516.71,2482.47,2482.47,0
11/1/2024 16:00:00,2486.56,2486.88,2435.91,2438.44,0
11/4/2024 16:00:00,2448.76,2498.48,2448.13,2480.74,0
11/5/2024 16:00:00,2479.7,2499.54,2466.18,2497.77,0
11/6/2024 16:00:00,2471.54,2528.85,2432.09,2524.48,0
11/7/2024 16:00:00,2529.79,2565.23,2527.72,2548.4,0
11/8/2024 16:00:00,2539.12,2540.54,2460.28,2495.47,0
11/11/2024 16:00:00,2485.03,2491.75,2465.51,2488.34,0
11/12/2024 16:00:00,2483.16,2490.04,2456.03,2471.74,0
11/13/2024 16:00:00,2473.48,2477.47,2445.99,2455.78,0
11/14/2024 16:00:00,2453.68,2455.64,2425.35,2444.6,0
11/15/2024 16:00:00,2446.25,2450.11,2426.35,2429.84,0
11/18/2024 16:00:00,2431.01,2446.45,2426.64,2441.91,0
11/19/2024 16:00:00,2440.33,2446.51,2427.86,2433.89,0
11/20/2024 16:00:00,2431.36,2441.06,2420.89,2428.04,0
11/21/2024 16:00:00,2423.7,2424.36,2401.6,2408.42,0
11/22/2024 16:00:00,2407.1,2438.12,2404.11,2436.39,0
11/25/2024 16:00:00,2438.96,2454.98,2433.47,2439.63,0
11/26/2024 16:00:00,2435.86,2436.24,2416.67,2420.72,0
11/27/2024 16:00:00,2419.09,2427.45,2370.26,2372.47,0
11/29/2024 13:00:00,2365.41,2365.96,2294.85,2328.18,0
12/2/2024 16:00:00,2321.12,2321.75,2290.5,2317.19,0
12/3/2024 16:00:00,2320.1,2333.71,2310.57,2327.36,0
12/4/2024 16:00:00,2326.94,2349.04,2325.44,2336.15,0
12/5/2024 16:00:00,2337.84,2377.9,2337.2,2368.14,0
12/6/2024 16:00:00,2367.84,2372.73,2325.96,2329.74,0
12/9/2024 16:00:00,2333.78,2381.7,2332.54,2356.64,0
12/10/2024 16:00:00,2358.84,2375.53,2356.02,2361.59,0
12/11/2024 16:00:00,2360.08,2411.05,2345.91,2398.16,0
12/12/2024 16:00:00,2402.12,2402.21,2340.14,2349.72,0
12/13/2024 16:00:00,2348.89,2353.11,2319.52,2320.17,0
12/16/2024 16:00:00,2317.27,2323.28,2275.72,2276.92,0
12/17/2024 16:00:00,2278.07,2293.75,2254.19,2280.58,0
12/18/2024 16:00:00,2280.79,2281.26,2171.53,2179.31,0
12/19/2024 16:00:00,2180.37,2218.86,2176.93,2187.98,0
12/20/2024 16:00:00,2195.57,2229.26,2191.18,2216.39,0
12/23/2024 16:00:00,2210.85,2211.05,2176.5,2186.66,0
12/24/2024 13:00:00,2188.22,2198.8,2187.4,2194.04,0
12/26/2024 16:00:00,2195.5,2208.56,2183.93,2199.7,0
12/27/2024 16:00:00,2197.85,2200.3,2170.71,2173.27,0
12/30/2024 16:00:00,2172.48,2176.18,2162.12,2163.32,0
12/31/2024 16:00:00,2160.73,2171.13,2159.23,2163.92,0
1/2/2025 16:00:00,2165.74,2194.77,2153.89,2185.4,0
1/3/2025 16:00:00,2182.3,2187.75,2153.4,2153.9,0
1/6/2025 16:00:00,2163.28,2217.43,2162.23,2199.88,0
1/7/2025 16:00:00,2202.21,2236.25,2201.32,2224.31,0
1/8/2025 16:00:00,2215.32,2219.4,2188.87,2204.98,0
1/10/2025 16:00:00,2209.06,2210.61,2180.88,2181.96,0
1/13/2025 16:00:00,2181.3,2193.1,2171.26,2192.57,0
1/14/2025 16:00:00,2194.84,2217.66,2193.75,2207.79,0
1/15/2025 16:00:00,2210.15,2265.69,2208.28,2262.81,0
1/16/2025 16:00:00,2260.07,2260.35,2219.74,2230.95,0
1/17/2025 16:00:00,2233.09,2258.67,2227.47,2238.76,0
1/21/2025 16:00:00,2251.37,2273.64,2249.2,2269.78,0
1/22/2025 16:00:00,2271.49,2315.88,2270.64,2297.32,0
1/23/2025 16:00:00,2295.44,2323.42,2289.67,2310.35,0
1/24/2025 16:00:00,2316.84,2336.62,2314.21,2322.63,0
1/27/2025 16:00:00,2314.24,2331.53,2305.94,2330.61,0
1/28/2025 16:00:00,2328.9,2340.02,2325.66,2338.52,0
1/29/2025 16:00:00,2339.68,2345.17,2325.8,2336.48,0
1/30/2025 16:00:00,2334.36,2406.21,2333.1,2388.03,0
1/31/2025 16:00:00,2389.91,2412.93,2369.15,2370.49,0
2/3/2025 16:00:00,2362.75,2380.87,2326.69,2376.48,0
2/4/2025 16:00:00,2374.64,2410.34,2371.79,2401.76,0
2/5/2025 16:00:00,2398.08,2399.28,2383.7,2392.39,0
2/6/2025 16:00:00,2390.61,2439.11,2388.19,2437.08,0
2/7/2025 16:00:00,2434.9,2441.02,2402.1,2410.24,0
2/10/2025 16:00:00,2407.04,2435.68,2407.04,2428.87,0
2/11/2025 16:00:00,2428.1,2446.86,2424.13,2444.58,0
2/12/2025 16:00:00,2445.19,2446.86,2407.37,2421.78,0
2/13/2025 16:00:00,2417.7,2439.58,2405.28,2438.53,0
2/14/2025 16:00:00,2441.77,2493.71,2441.52,2486.21,0
2/18/2025 16:00:00,2490.74,2505.71,2485.21,2497.37,0
2/19/2025 16:00:00,2494.79,2494.96,2459.72,2463.68,0
2/20/2025 16:00:00,2467.84,2489.56,2463.07,2480.21,0
2/21/2025 16:00:00,2478.78,2479.94,2406.15,2408.55,0
2/24/2025 16:00:00,2409.78,2422.97,2385.19,2386.34,0
2/25/2025 16:00:00,2384.81,2401.64,2381.53,2390.95,0
2/26/2025 16:00:00,2391.6,2398.35,2376.41,2379.84,0
2/27/2025 16:00:00,2379,2383.45,2344.4,2347.52,0
2/28/2025 16:00:00,2347.44,2351.66,2290.98,2298.92,0
3/3/2025 16:00:00,2301.89,2349.06,2279.16,2286.64,0
3/4/2025 16:00:00,2286.45,2300.72,2237.52,2286.69,0
3/5/2025 16:00:00,2288.68,2343.9,2286.56,2342.3,0
3/6/2025 16:00:00,2340.32,2360.41,2329.23,2344.78,0
3/7/2025 16:00:00,2344.77,2365.95,2327.12,2361.82,0
3/10/2025 16:00:00,2363.13,2363.47,2276.09,2297.38,0
3/11/2025 16:00:00,2301.44,2314.5,2281.23,2307.52,0
3/12/2025 16:00:00,2308.43,2328.15,2299.5,2326.29,0
3/13/2025 16:00:00,2325.35,2360.02,2320.28,2343.21,0
3/14/2025 16:00:00,2349.31,2439.59,2349.31,2432.92,0
3/17/2025 16:00:00,2437.29,2483.06,2435.79,2475.69,0
3/18/2025 16:00:00,2472.85,2482.98,2459.24,2476.87,0
3/19/2025 16:00:00,2475.81,2508.26,2472.71,2495.85,0
3/20/2025 16:00:00,2491.79,2492.18,2466.24,2471.9,0
3/21/2025 16:00:00,2465.28,2473.62,2450.01,2470.8,0
3/24/2025 16:00:00,2472.98,2475.61,2449.25,2455.5,0
3/25/2025 16:00:00,2458.23,2499.61,2457.98,2480.8,0
3/26/2025 16:00:00,2478.93,2482.32,2449.63,2460.26,0
3/27/2025 16:00:00,2456.76,2469.32,2443.92,2466.98,0
3/28/2025 16:00:00,2463.09,2465.39,2411.94,2429.43,0
3/31/2025 16:00:00,2428.98,2431,2381.16,2406.22,0
4/1/2025 16:00:00,2403.71,2449.31,2401.38,2440.93,0
4/2/2025 16:00:00,2439.66,2451.4,2417.4,2448.23,0
4/3/2025 16:00:00,2462.36,2486.16,2444.92,2453.38,0
4/4/2025 16:00:00,2429.7,2430.75,2266.85,2294.6,0
4/7/2025 16:00:00,2286.55,2311.18,2189.02,2227.14,0
4/8/2025 16:00:00,2232.36,2285.84,2166.03,2177.3,0
4/9/2025 16:00:00,2167.89,2334.42,2144.98,2330.16,0
4/10/2025 16:00:00,2319.78,2319.94,2216.55,2255.64,0
4/11/2025 16:00:00,2261.53,2315,2255.64,2298.75,0
4/14/2025 16:00:00,2304.93,2355.09,2304.68,2340.02,0
4/15/2025 16:00:00,2342.65,2357.3,2335.84,2337.88,0
4/16/2025 16:00:00,2339.32,2359.65,2331.56,2345.32,0
4/17/2025 16:00:00,2346.58,2393.32,2343.14,2383.75,0
4/21/2025 16:00:00,2382.73,2392.17,2370.96,2384.47,0
4/22/2025 16:00:00,2389.95,2449.6,2389.08,2444.63,0
4/23/2025 16:00:00,2452.72,2510.01,2452.72,2475.9,0
4/24/2025 16:00:00,2481.5,2526.23,2481.44,2521.21,0
4/25/2025 16:00:00,2519.51,2532.88,2511.1,2530.65,0
4/28/2025 16:00:00,2533.1,2555.69,2532.2,2549.44,0
4/29/2025 16:00:00,2550.33,2571.19,2543.7,2548.27,0
4/30/2025 16:00:00,2545.32,2545.47,2498.1,2529.66,0
5/1/2025 16:00:00,2530.06,2533.92,2515.04,2523.42,0
5/2/2025 16:00:00,2526.81,2542.34,2510.09,2522.93,0
5/5/2025 16:00:00,2524.75,2525.77,2493.41,2493.86,0
5/6/2025 16:00:00,2491.25,2518.56,2481.51,2517.04,0
5/7/2025 16:00:00,2516.1,2520.3,2503.6,2512.07,0
5/8/2025 16:00:00,2517.19,2584.22,2517.19,2557.27,0
5/9/2025 16:00:00,2559.66,2588.1,2559.44,2578.58,0
5/12/2025 16:00:00,2573.37,2603.29,2562.26,2578.53,0
5/13/2025 16:00:00,2585.62,2648.33,2585.53,2640.68,0
5/14/2025 16:00:00,2645.13,2652.19,2625.63,2645.42,0
5/15/2025 16:00:00,2648.61,2650.22,2623.04,2631.31,0
5/16/2025 16:00:00,2629.66,2629.66,2592.19,2623.99,0
5/19/2025 16:00:00,2623.26,2644.86,2606.53,2638.56,0
5/20/2025 16:00:00,2639.37,2641.39,2618.9,2631.81,0
5/21/2025 16:00:00,2630.5,2630.5,2593.01,2597.38,0
5/22/2025 16:00:00,2593.37,2620,2579.57,2589.68,0
5/23/2025 16:00:00,2586.96,2603.46,2536.45,2602.71,0
5/27/2025 16:00:00,2602.37,2643.49,2602.32,2619.31,0
5/28/2025 16:00:00,2616.36,2618.16,2589.79,2599.53,0
5/29/2025 16:00:00,2605.5,2612.14,2594.37,2600.63,0
5/30/2025 16:00:00,2601.61,2602.44,2549.51,2554.48,0
6/2/2025 16:00:00,2564.88,2586.45,2557.24,2567.88,0
6/3/2025 16:00:00,2562.57,2581.06,2542.82,2578.93,0
6/4/2025 16:00:00,2581.54,2599.54,2558.18,2560.51,0
6/5/2025 16:00:00,2563.74,2594.37,2563.62,2575.32,0
6/6/2025 16:00:00,2575.48,2588.66,2558.03,2584.58,0
6/9/2025 16:00:00,2584.92,2585.52,2558.69,2574.85,0
6/10/2025 16:00:00,2574.67,2602.97,2574.67,2588.16,0
6/11/2025 16:00:00,2593.01,2635.04,2585.83,2625.01,0
6/12/2025 16:00:00,2627.95,2628.22,2610.25,2617.09,0
6/13/2025 16:00:00,2606.94,2614.18,2586.86,2608.21,0
6/16/2025 16:00:00,2613.41,2658.76,2612.91,2642.67,0
6/17/2025 16:00:00,2640.19,2647.64,2613.39,2618.36,0
6/18/2025 16:00:00,2620.47,2633.22,2618.24,2622.24,0
6/20/2025 16:00:00,2613.98,2617.37,2588.76,2592.58,0
6/23/2025 16:00:00,2589.02,2589.17,2560.46,2585.46,0
6/24/2025 16:00:00,2589.8,2640.51,2588.36,2631.38,0
6/25/2025 16:00:00,2630.24,2632.59,2610.11,2611.91,0
6/26/2025 16:00:00,2616.07,2660.35,2615.91,2657.77,0
6/27/2025 16:00:00,2661.18,2669.61,2648.38,2657.01,0
6/30/2025 16:00:00,2658.5,2700.52,2653.79,2694.58,0
7/1/2025 16:00:00,2698.49,2712.49,2692.1,2701.08,0
7/2/2025 16:00:00,2699.11,2728.49,2690.56,2727.94,0
7/3/2025 13:00:00,2726.6,2754.23,2725.93,2739.99,0
7/7/2025 16:00:00,2733.72,2734.89,2688.43,2695.2,0
7/8/2025 16:00:00,2696.21,2711.62,2685.24,2708.14,0
7/9/2025 16:00:00,2706.18,2706.84,2661.77,2669.65,0
7/10/2025 16:00:00,2663.74,2666.5,2630.82,2639.33,0
7/11/2025 16:00:00,2633.35,2634.36,2603.43,2621.56,0
7/14/2025 16:00:00,2618.27,2619.3,2592.36,2597.4,0
7/15/2025 16:00:00,2603.26,2615.04,2579.15,2600.94,0
7/16/2025 16:00:00,2600.83,2618.38,2587.28,2613.36,0
7/17/2025 16:00:00,2609,2631.44,2602.27,2628.42,0
7/18/2025 16:00:00,2629.92,2634.03,2576.02,2577.85,0
7/21/2025 16:00:00,2583.71,2608.83,2582.7,2588.28,0
7/22/2025 16:00:00,2587.37,2607.09,2587.11,2590.91,0
7/23/2025 16:00:00,2591.03,2643.03,2585.62,2639.18,0
7/24/2025 16:00:00,2636.41,2637.46,2615.69,2627.58,0
7/25/2025 16:00:00,2625.65,2631.73,2610.18,2616.48,0
7/28/2025 16:00:00,2613.3,2615.08,2562.51,2573.4,0
7/29/2025 16:00:00,2570.95,2604.89,2570.35,2599.74,0
7/30/2025 16:00:00,2595.99,2600.15,2564.28,2582.1,0
7/31/2025 16:00:00,2581.12,2581.12,2544.1,2563.84,0
8/1/2025 16:00:00,2570.9,2595.77,2547.95,2553.89,0
8/4/2025 16:00:00,2559.22,2584.51,2559.09,2572.27,0
8/5/2025 16:00:00,2570.46,2598.82,2568.72,2590.51,0
8/6/2025 16:00:00,2592.11,2637.38,2591.6,2613.5,0
8/7/2025 16:00:00,2613.67,2667.94,2612.99,2666.61,0
8/8/2025 16:00:00,2667.57,2674.3,2654.86,2658.01,0
8/11/2025 16:00:00,2655.35,2659.98,2644.36,2648.54,0
8/12/2025 16:00:00,2653.58,2703.33,2652.99,2696.8,0
8/13/2025 16:00:00,2698.28,2698.34,2679.62,2684.56,0
8/14/2025 16:00:00,2679.89,2679.89,2645.2,2653.4,0
8/15/2025 16:00:00,2658.82,2709.14,2656.75,2686.1,0
8/18/2025 16:00:00,2681.42,2697.96,2676.71,2692.06,0
8/19/2025 16:00:00,2687.53,2687.53,2634.94,2637.6,0
8/20/2025 16:00:00,2643.61,2660.05,2635.1,2648.47,0
8/21/2025 16:00:00,2648.74,2664.25,2642.78,2661.02,0
8/22/2025 16:00:00,2664.19,2739.22,2664.14,2737.36,0
8/25/2025 16:00:00,2735.71,2751.01,2727.04,2727.04,0
8/26/2025 16:00:00,2729.84,2730.14,2696.79,2715.37,0
8/27/2025 16:00:00,2708.98,2743.36,2696.41,2741.35,0
8/28/2025 16:00:00,2742.56,2785.78,2742.08,2770.74,0
8/29/2025 16:00:00,2767.12,2780.48,2766.08,2770.04,0
9/2/2025 16:00:00,2755.31,2763.55,2718.2,2760.02,0
9/3/2025 16:00:00,2764.02,2779.67,2748.46,2756.91,0
9/4/2025 16:00:00,2753.51,2776.47,2744.42,2770.29,0
9/5/2025 16:00:00,2780.04,2833,2779.99,2801.75,0
9/8/2025 16:00:00,2803.41,2810.42,2780.64,2802.69,0
9/9/2025 16:00:00,2803.1,2822.07,2799.46,2800.26,0
9/10/2025 16:00:00,2801.79,2838.17,2800.96,2822.97,0
9/11/2025 16:00:00,2820.45,2871.48,2818.9,2859.93,0
9/12/2025 16:00:00,2858.63,2870.42,2849.32,2857.8,0
9/15/2025 16:00:00,2861.05,2913.42,2861.05,2904.55,0
9/16/2025 16:00:00,2906.88,2922.69,2899.5,2919.6,0
9/17/2025 16:00:00,2917.84,2952.58,2915.03,2927.97,0
9/18/2025 16:00:00,2930.93,2931.61,2902.01,2906,0
9/19/2025 16:00:00,2902.79,2922.58,2900.33,2911.26,0
9/22/2025 16:00:00,2910.76,2924.1,2885.01,2923.12,0
9/23/2025 16:00:00,2923.22,2972.81,2922.45,2957.33,0
9/24/2025 16:00:00,2953.23,2968.65,2934.98,2941.02,0
9/25/2025 16:00:00,2940.87,2940.87,2903.35,2908.21,0
9/26/2025 16:00:00,2909.18,2925.86,2908.38,2920.8,0
9/29/2025 16:00:00,2923.45,2960.11,2923.45,2945.34,0
9/30/2025 16:00:00,2948.42,2955.56,2931.94,2951.5,0
10/1/2025 16:00:00,2956.56,2967.24,2903.06,2905.87,0
10/2/2025 16:00:00,2907.19,2915.67,2863.8,2893.79,0
10/3/2025 16:00:00,2896.15,2905.93,2884.75,2902.44,0
10/6/2025 16:00:00,2902.69,2905.06,2869.26,2877.42,0
10/7/2025 16:00:00,2872.35,2873.94,2838.9,2839.9,0
10/8/2025 16:00:00,2842.6,2874.1,2842.36,2873.25,0
10/9/2025 16:00:00,2876.21,2894.24,2855.97,2858.54,0
10/10/2025 16:00:00,2859.67,2860.39,2779.21,2785.96,0
10/13/2025 16:00:00,2788.7,2846.41,2788.7,2833.94,0
10/14/2025 16:00:00,2825.71,2842.67,2799.54,2826.5,0
10/15/2025 16:00:00,2829.42,2868.77,2827.91,2858.51,0
10/16/2025 16:00:00,2862.45,2894.37,2856.88,2868.97,0
10/17/2025 16:00:00,2868.9,2887.95,2849.89,2884.62,0
10/20/2025 16:00:00,2884.64,2927.36,2884.64,2916.62,0
10/21/2025 16:00:00,2913.88,2915.98,2879.43,2880.55,0
10/22/2025 16:00:00,2883.19,2905.48,2874.74,2894.55,0
10/23/2025 16:00:00,2896.59,2943.14,2896.13,2933.15,0
10/24/2025 16:00:00,2933.45,2957.28,2922.55,2922.76,0
10/27/2025 16:00:00,2926.72,2967.55,2926.72,2954.34,0
10/28/2025 16:00:00,2951.42,2983.65,2950.86,2979.82,0
10/29/2025 16:00:00,2978.35,3028.01,2977.92,3012.82,0
10/30/2025 16:00:00,3007.35,3008.86,2990.15,2999.83,0
10/31/2025 16:00:00,2999.49,3010.35,2991.31,3003.67,0
11/3/2025 16:00:00,3007.45,3035.2,3007.45,3020.24,0
11/4/2025 16:00:00,3010.45,3011.8,2970.17,2985.42,0
11/5/2025 16:00:00,2986.82,3062.27,2985.27,3054.6,0
11/6/2025 16:00:00,3055.85,3076.8,3048.24,3050.45,0
11/7/2025 16:00:00,3051.22,3085.66,3027.4,3084.87,0
11/10/2025 16:00:00,3090.79,3117.12,3089.33,3107.5,0
11/11/2025 16:00:00,3107.75,3182.83,3107.21,3176.04,0
11/12/2025 16:00:00,3176.74,3181.19,3141.75,3145.09,0
11/13/2025 16:00:00,3149.49,3165.27,3099.05,3103.6,0
11/14/2025 16:00:00,3100.71,3142.42,3079.29,3111.85,0
11/17/2025 16:00:00,3114.74,3119.69,3080.15,3087.59,0
11/18/2025 16:00:00,3084.39,3088.34,3060.35,3070.9,0
11/19/2025 16:00:00,3072.04,3089.97,3060.21,3070.06,0
11/20/2025 16:00:00,3069.92,3101.58,3028.33,3029.45,0
11/21/2025 16:00:00,3019.8,3047.75,2997.39,3036.63,0
11/24/2025 16:00:00,3039.68,3057.92,3038.44,3054.47,0
11/25/2025 16:00:00,3056.73,3098.29,3046.45,3094.79,0
11/26/2025 16:00:00,3096.31,3163.48,3094.9,3154.18,0
11/28/2025 13:00:00,3143.05,3180.63,3143.05,3172.24,0
12/1/2025 16:00:00,3173.87,3183.81,3157.94,3163.56,0
12/2/2025 16:00:00,3164.01,3211.52,3162.94,3209.63,0
12/3/2025 16:00:00,3212.32,3230.4,3209.02,3216.12,0
12/4/2025 16:00:00,3217.21,3258.73,3217.21,3255.46,0
12/5/2025 16:00:00,3257.51,3266.32,3121.5,3126.05,0
12/8/2025 16:00:00,3128.52,3162.15,3112.4,3127.62,0
12/9/2025 16:00:00,3127.13,3146.14,3091.43,3135.99,0
12/10/2025 16:00:00,3137.44,3143.64,3110.02,3129.59,0
12/11/2025 16:00:00,3131.22,3191.36,3130.69,3171.63,0
12/12/2025 16:00:00,3170.39,3187.19,3147.47,3173.29,0
12/15/2025 16:00:00,3174.95,3205.88,3174.55,3178.81,0
12/16/2025 16:00:00,3179.67,3179.67,3098.39,3100.62,0
12/17/2025 16:00:00,3100.06,3100.67,3043.71,3058.3,0
12/18/2025 16:00:00,3057.03,3096.72,3051.92,3093.49,0
12/19/2025 16:00:00,3090.24,3123.75,3086.93,3087.72,0
12/22/2025 16:00:00,3091.01,3102.55,3074.78,3100.71,0
12/23/2025 16:00:00,3103.07,3149.03,3102.42,3148.06,0
12/24/2025 13:00:00,3148.82,3153.21,3138.53,3150.33,0
12/26/2025 16:00:00,3146.82,3152.09,3135.2,3152.09,0
12/29/2025 16:00:00,3148.81,3148.97,3112.57,3122.18,0
12/30/2025 16:00:00,3126.44,3165.77,3125.6,3145.52,0
12/31/2025 16:00:00,3144.75,3144.75,3128.98,3133.49,0
1/2/2026 16:00:00,3139.48,3168.32,3138.18,3157.25,0
1/5/2026 16:00:00,3154.37,3232.72,3148.34,3222.7,0
1/6/2026 16:00:00,3219.34,3280.07,3218.91,3255.61,0
1/7/2026 16:00:00,3255.48,3255.88,3205.38,3223.79,0
1/8/2026 16:00:00,3224.89,3247.76,3213.01,3247.68,0
1/9/2026 16:00:00,3244.82,3279.89,3244.59,3266.88,0
1/12/2026 16:00:00,3271.55,3284.6,3265.85,3272.07,0
1/13/2026 16:00:00,3271.82,3277.38,3250.78,3268.35,0
1/14/2026 16:00:00,3270.25,3327.62,3264.38,3326.32,0
1/15/2026 16:00:00,3327.94,3357.13,3319.8,3326.61,0
1/16/2026 16:00:00,3324.62,3334.08,3298.84,3333.62,0
1/20/2026 16:00:00,3339.17,3384.08,3320.5,3371.58,0
1/21/2026 16:00:00,3378.02,3466.83,3377.07,3465.21,0
1/22/2026 16:00:00,3466.31,3549.07,3466.05,3538.45,0
1/23/2026 16:00:00,3538.45,3599.45,3523.11,3591.57,0
1/26/2026 16:00:00,3592.53,3627.71,3586.5,3604.49,0
1/27/2026 16:00:00,3609.02,3711.58,3608.05,3707.69,0
1/28/2026 16:00:00,3706.21,3753.35,3705.98,3751,0
1/29/2026 16:00:00,3754.46,3822.52,3687.15,3760.03,0
1/30/2026 16:00:00,3757.25,3758.46,3610.79,3623.17,0
2/2/2026 16:00:00,3631.17,3667.06,3619.8,3656.11,0
2/3/2026 16:00:00,3661.89,3787.51,3661.73,3761.64,0
2/4/2026 16:00:00,3761.71,3765.69,3621.08,3653.05,0
2/5/2026 16:00:00,3647.67,3671.61,3596.46,3616.07,0
2/6/2026 16:00:00,3626.97,3695.62,3625.22,3694.9,0
2/9/2026 16:00:00,3697.9,3776.8,3697.74,3767.79,0
2/10/2026 16:00:00,3765.31,3765.85,3739.72,3746.47,0
2/11/2026 16:00:00,3747.07,3816.07,3746.3,3806.41,0
2/12/2026 16:00:00,3808.98,3824.25,3720.51,3741.3,0
2/13/2026 16:00:00,3740.49,3741.71,3642.88,3721.55,0
2/17/2026 16:00:00,3715.86,3716.75,3651.34,3694.06,0
2/18/2026 16:00:00,3695.89,3753.06,3694.36,3707.85,0
2/19/2026 16:00:00,3706.65,3744.88,3685.22,3738.74,0
2/20/2026 16:00:00,3739.42,3801.68,3730.22,3799.71,0
2/23/2026 16:00:00,3792.19,3818.18,3734.9,3743.45,0
2/24/2026 16:00:00,3741.2,3803.37,3735.05,3800.72,0
2/25/2026 16:00:00,3804.67,3838.39,3797.89,3826.41,0
2/26/2026 16:00:00,3824.67,3829.67,3727.69,3772.9,0
2/27/2026 16:00:00,3772.54,3779.4,3741.43,3741.78,0
3/2/2026 16:00:00,3728.62,3739.35,3673.01,3723.67,0
3/3/2026 16:00:00,3704.59,3704.59,3441.33,3539.33,0
3/4/2026 16:00:00,3548.45,3632.57,3548.45,3619.17,0
3/5/2026 16:00:00,3614.18,3616.24,3477.99,3506.21,0
3/6/2026 16:00:00,3497.83,3505.44,3436.9,3476.89,0
3/9/2026 16:00:00,3472.99,3545.42,3425.18,3532.7,0
3/10/2026 16:00:00,3537.04,3629.99,3537.04,3590.43,0
3/11/2026 16:00:00,3587.78,3614.56,3556.35,3584.57,0
3/12/2026 16:00:00,3579.06,3580.14,3445.18,3459.11,0
3/13/2026 16:00:00,3461.32,3500.47,3399.41,3407.13,0
3/16/2026 16:00:00,3421.61,3505.96,3421.61,3491.78,0
3/17/2026 16:00:00,3495.84,3557.02,3495.59,3517.42,0
3/18/2026 16:00:00,3514.99,3521.03,3455.6,3459.2,0
3/19/2026 16:00:00,3448.34,3483.5,3376.73,3466.8,0
3/20/2026 16:00:00,3462.28,3463.2,3332.21,3347.85,0
3/23/2026 16:00:00,3358.26,3501.16,3356.4,3466.54,0
3/24/2026 16:00:00,3459.39,3489.2,3420.38,3480.97,0
3/25/2026 16:00:00,3484.52,3578.58,3484.52,3563.42,0
3/26/2026 16:00:00,3554.77,3559.92,3491.77,3500.05,0
3/27/2026 16:00:00,3488.82,3519.43,3462.22,3473.97,0
3/30/2026 16:00:00,3473.9,3525.96,3462.19,3475.76,0
3/31/2026 16:00:00,3484.21,3626.38,3484.21,3623.86,0
4/1/2026 16:00:00,3630.76,3679.68,3630.26,3658.43,0
4/2/2026 16:00:00,3649.36,3673.6,3607.39,3651.54,0
4/6/2026 16:00:00,3657.07,3686.06,3641.72,3656.1,0
4/7/2026 16:00:00,3655.83,3655.9,3604.94,3643.28,0
4/8/2026 16:00:00,3671.93,3796.01,3671.35,3759.62,0
4/9/2026 16:00:00,3760.82,3827.51,3760.77,3814.09,0
4/10/2026 16:00:00,3821.51,3887.15,3821.36,3867.33,0
4/13/2026 16:00:00,3863.22,3895.54,3840.08,3891.04,0
4/14/2026 16:00:00,3899.69,3931.23,3884.92,3896.85,0
4/15/2026 16:00:00,3894.88,3904.93,3861.12,3869.85,0
4/16/2026 16:00:00,3869.4,3887.07,3852.53,3882.9,0
4/17/2026 16:00:00,3894.42,3913.65,3863.58,3872.61,0
4/20/2026 16:00:00,3870.18,3879.73,3846.6,3876.2,0
4/21/2026 16:00:00,3877.6,3891.14,3829.96,3834.71,0
4/22/2026 16:00:00,3831.64,3853.3,3804.99,3809.54,0
4/23/2026 16:00:00,3810.57,3824.59,3753.07,3763.9,0
4/24/2026 16:00:00,3764.99,3775.87,3733.09,3770.18,0
4/27/2026 16:00:00,3773.24,3791.76,3743.27,3743.91,0
4/28/2026 16:00:00,3741.34,3741.54,3684.36,3722.5,0
4/29/2026 16:00:00,3717.6,3717.76,3648.73,3650.15,0
4/30/2026 16:00:00,3651.42,3731.64,3650.52,3724.19,0
5/1/2026 16:00:00,3727.12,3727.12,3704.05,3708.92,0
5/4/2026 16:00:00,3709.16,3720.42,3656.05,3661.71,0
5/5/2026 16:00:00,3670.83,3742.86,3670.58,3721.8,0
5/6/2026 16:00:00,3727.31,3777.85,3726.56,3771.83,0
5/7/2026 16:00:00,3777.71,3778.45,3699.07,3704.22,0
5/8/2026 16:00:00,3709.84,3760.31,3709.46,3725.97,0
5/11/2026 16:00:00,3723.56,3747.39,3698.84,3707.77,0
5/12/2026 16:00:00,3706.2,3706.72,3659.14,3684.31,0
5/13/2026 16:00:00,3681.4,3697.43,3604.67,3607.09,0
5/14/2026 16:00:00,3608.27,3649.66,3607.96,3616.96,0
5/15/2026 16:00:00,3600.81,3600.92,3501.13,3526.71,0
5/18/2026 16:00:00,3537.06,3562.31,3526.74,3561.17,0
5/19/2026 16:00:00,3552.9,3553.2,3491.85,3512.9,0
5/20/2026 16:00:00,3513.57,3595.84,3513.35,3582.34,0
5/21/2026 16:00:00,3575.79,3618.33,3547.74,3597.35,0
5/22/2026 16:00:00,3597.89,3597.96,3540.03,3564.28,0
5/26/2026 16:00:00,3585.74,3612.29,3573.98,3611.15,0
5/27/2026 16:00:00,3607.39,3628.88,3590.14,3604.82,0
5/28/2026 16:00:00,3603.21,3605.69,3559.8,3578.27,0
5/29/2026 16:00:00,3575.53,3575.64,3533.84,3557.57,0
6/1/2026 16:00:00,3559.6,3561.24,3530.53,3542.7,0
6/2/2026 16:00:00,3548.8,3574.93,3526.83,3556.34,0
6/3/2026 16:00:00,3550.92,3551.18,3457.37,3460.1,0
6/4/2026 16:00:00,3470.97,3472.52,3451.03,3455.5,0
6/5/2026 16:00:00,3448.45,3450.41,3368.33,3370.77,0
6/8/2026 16:00:00,3375.94,3377.96,3328.57,3338.95,0
6/9/2026 16:00:00,3346.72,3409.49,3334.97,3384.04,0
6/10/2026 16:00:00,3383.88,3396.96,3361.09,3368.82,0
6/11/2026 16:00:00,3370.55,3510.25,3369.28,3505.73,0
6/12/2026 16:00:00,3506.95,3562.24,3504.12,3550.78,0
6/15/2026 16:00:00,3556.91,3622.85,3534.77,3538.58,0
6/16/2026 16:00:00,3539.93,3554.66,3525.66,3539.64,0
6/17/2026 16:00:00,3541.55,3602.43,3505.23,3514.13,0
6/18/2026 16:00:00,3511.18,3521.04,3483.58,3492.11,0
6/22/2026 16:00:00,3483.35,3525.48,3482.91,3500.49,0
6/23/2026 16:00:00,3491.72,3491.85,3438.23,3458.42,0
6/24/2026 16:00:00,3450.31,3456.92,3407.9,3409.16,0
6/25/2026 16:00:00,3408.73,3475.61,3408.08,3452.18,0
6/26/2026 16:00:00,3451.86,3499.53,3439.68,3478.78,0
6/29/2026 16:00:00,3481.03,3492.37,3455.84,3481.26,0
6/30/2026 16:00:00,3479.4,3487.05,3458.08,3470.38,0
7/1/2026 16:00:00,3463.71,3481.71,3433.1,3450.75,0
7/2/2026 16:00:00,3458.53,3516.8,3455.48,3467.85,0
7/6/2026 16:00:00,3475.2,3512.83,3470.17,3510.3,0
7/7/2026 16:00:00,3506.31,3525.89,3464.93,3470.73,0
7/8/2026 16:00:00,3466.69,3467.66,3418.58,3452.21,0
7/9/2026 16:00:00,3451.7,3497.32,3448.13,3480.25,0
7/10/2026 16:00:00,3483.49,3554.95,3482.38,3549.04,0
7/13/2026 16:00:00,3548.21,3552.87,3501.83,3505.53,0
7/14/2026 16:00:00,3516.9,3592.4,3516.42,3565.77,0
7/15/2026 16:00:00,3569.52,3572.01,3545.67,3555.91,0
7/16/2026 16:00:00,3550.57,3550.79,3501.47,3506.25,0
7/17/2026 16:00:00,3497.48,3516.9,3470.71,3503.28,0
7/20/2026 16:00:00,3507.02,3537.93,3506.7,3517.45,0
7/21/2026 16:00:00,3521.79,3567.76,3516.44,3567.63,0
7/22/2026 16:00:00,3565.39,3634.19,3565.22,3632.38,0
7/23/2026 16:00:00,3623.89,3624.01,3570.28,3572.76,0
7/24/2026 16:00:00,3576.26,3589.38,3552.32,3553.29,0
7/27/2026 16:00:00,3554.93,3579.33,3549.78,3574.11,0
7/28/2026 16:00:00,3572.66,3604.33,3564.58,3578.56,0
7/29/2026 16:00:00,3575.33,3580.45,3519.01,3528.86,0
7/30/2026 16:00:00,3534.47,3630.98,3534.47,3629.84,0
7/31/2026 16:00:00,3627.69,3645.95,3597.47,3627.78,0
8/3/2026 16:00:00,3631.07,3636.09,3595.44,3610.33,0
8/4/2026 16:00:00,3612.93,3647.48,3596.07,3601.04,0
8/5/2026 16:00:00,3603.53,3649.4,3596.33,3597.78,0
8/6/2026 16:00:00,3599.21,3630.88,3580.83,3581.73,0
8/7/2026 16:00:00,3590.75,3609.39,3544.74,3553.45,0
8/10/2026 16:00:00,3551.24,3558.62,3535.39,3541.9,0
8/11/2026 16:00:00,3543.89,3549.02,3459.63,3464.44,0
8/12/2026 16:00:00,3469.56,3487.6,3450.43,3452.39,0
8/13/2026 16:00:00,3453.74,3463.46,3424.57,3430.6,0
8/14/2026 16:00:00,3432.79,3472.59,3425.74,3449.76,0
8/17/2026 16:00:00,3451.55,3470.85,3441.53,3447.28,0
8/18/2026 16:00:00,3445.71,3464.54,3403.95,3410.57,0
8/19/2026 16:00:00,3420.19,3495.91,3420.14,3452.95,0
8/20/2026 16:00:00,3450.86,3482.85,3438.29,3453.94,0
8/21/2026 16:00:00,3458.67,3564.8,3458.67,3552.02,0
8/24/2026 16:00:00,3550.11,3584.86,3523.73,3564.7,0
8/25/2026 16:00:00,3565.67,3597.29,3518.54,3594.64,0
8/26/2026 16:00:00,3591.65,3617.46,3574.78,3576.93,0
8/27/2026 16:00:00,3575.36,3578.01,3547.58,3567.42,0
8/28/2026 16:00:00,3567.42,3573.93,3509.36,3537.73,0
